ID,Plant Name,Date,SN,Port,Energy (kWh),Microinversor
1,Wilkne,2024-01-22,106272403152,1,1.686,Microinversor_1
2,Wilkne,2024-01-22,106272403152,2,1.694,Microinversor_1
3,Wilkne,2024-01-22,106272403152,3,1.696,Microinversor_1
4,Wilkne,2024-01-22,106272403152,4,1.711,Microinversor_1
5,Wilkne,2024-01-22,106272403916,1,1.699,Microinversor_2
6,Wilkne,2024-01-22,106272403916,2,1.695,Microinversor_2
7,Wilkne,2024-01-22,106272403916,3,1.671,Microinversor_2
8,Wilkne,2024-01-22,106272403916,4,1.71,Microinversor_2
9,Wilkne,2024-01-22,106272404964,1,0.012,Microinversor_3
10,Wilkne,2024-01-22,106272404964,2,1.702,Microinversor_3
11,Wilkne,2024-01-22,106272404964,3,1.674,Microinversor_3
12,Wilkne,2024-01-22,106272404964,4,1.691,Microinversor_3
13,Wilkne,2025-02-10,106272403152,1,2.243,Microinversor_1
14,Wilkne,2025-02-10,106272403152,2,2.236,Microinversor_1
15,Wilkne,2025-02-10,106272403152,3,2.228,Microinversor_1
16,Wilkne,2025-02-10,106272403152,4,2.247,Microinversor_1
17,Wilkne,2025-02-10,106272403916,1,2.251,Microinversor_2
18,Wilkne,2025-02-10,106272403916,2,2.24,Microinversor_2
19,Wilkne,2025-02-10,106272403916,3,2.222,Microinversor_2
20,Wilkne,2025-02-10,106272403916,4,2.274,Microinversor_2
21,Wilkne,2025-02-10,106272404964,1,0.012,Microinversor_3
22,Wilkne,2025-02-10,106272404964,2,2.046,Microinversor_3
23,Wilkne,2025-02-10,106272404964,3,2.027,Microinversor_3
24,Wilkne,2025-02-10,106272404964,4,2.059,Microinversor_3
25,Wilkne,2025-02-04,106272403152,1,2.202,Microinversor_1
26,Wilkne,2025-02-04,106272403152,2,2.19,Microinversor_1
27,Wilkne,2025-02-04,106272403152,3,2.18,Microinversor_1
28,Wilkne,2025-02-04,106272403152,4,2.212,Microinversor_1
29,Wilkne,2025-02-04,106272403916,1,2.209,Microinversor_2
30,Wilkne,2025-02-04,106272403916,2,2.199,Microinversor_2
31,Wilkne,2025-02-04,106272403916,3,2.174,Microinversor_2
32,Wilkne,2025-02-04,106272403916,4,2.236,Microinversor_2
33,Wilkne,2025-02-04,106272404964,1,0.012,Microinversor_3
34,Wilkne,2025-02-04,106272404964,2,2.133,Microinversor_3
35,Wilkne,2025-02-04,106272404964,3,2.096,Microinversor_3
36,Wilkne,2025-02-04,106272404964,4,2.139,Microinversor_3
37,Wilkne,2025-02-05,106272403152,1,2.045,Microinversor_1
38,Wilkne,2025-02-05,106272403152,2,2.047,Microinversor_1
39,Wilkne,2025-02-05,106272403152,3,2.032,Microinversor_1
40,Wilkne,2025-02-05,106272403152,4,2.065,Microinversor_1
41,Wilkne,2025-02-05,106272403916,1,2.055,Microinversor_2
42,Wilkne,2025-02-05,106272403916,2,2.053,Microinversor_2
43,Wilkne,2025-02-05,106272403916,3,2.029,Microinversor_2
44,Wilkne,2025-02-05,106272403916,4,2.077,Microinversor_2
45,Wilkne,2025-02-05,106272404964,1,0.012,Microinversor_3
46,Wilkne,2025-02-05,106272404964,2,1.885,Microinversor_3
47,Wilkne,2025-02-05,106272404964,3,1.831,Microinversor_3
48,Wilkne,2025-02-05,106272404964,4,1.866,Microinversor_3
49,Wilkne,2025-02-11,106272403152,1,2.555,Microinversor_1
50,Wilkne,2025-02-11,106272403152,2,2.542,Microinversor_1
51,Wilkne,2025-02-11,106272403152,3,2.533,Microinversor_1
52,Wilkne,2025-02-11,106272403152,4,2.55,Microinversor_1
53,Wilkne,2025-02-11,106272403916,1,2.558,Microinversor_2
54,Wilkne,2025-02-11,106272403916,2,2.54,Microinversor_2
55,Wilkne,2025-02-11,106272403916,3,2.525,Microinversor_2
56,Wilkne,2025-02-11,106272403916,4,2.592,Microinversor_2
57,Wilkne,2025-02-11,106272404964,1,0.012,Microinversor_3
58,Wilkne,2025-02-11,106272404964,2,2.392,Microinversor_3
59,Wilkne,2025-02-11,106272404964,3,2.355,Microinversor_3
60,Wilkne,2025-02-11,106272404964,4,2.407,Microinversor_3
61,Wilkne,2024-01-23,106272403152,1,1.836,Microinversor_1
62,Wilkne,2024-01-23,106272403152,2,1.846,Microinversor_1
63,Wilkne,2024-01-23,106272403152,3,1.85,Microinversor_1
64,Wilkne,2024-01-23,106272403152,4,1.867,Microinversor_1
65,Wilkne,2024-01-23,106272403916,1,1.858,Microinversor_2
66,Wilkne,2024-01-23,106272403916,2,1.848,Microinversor_2
67,Wilkne,2024-01-23,106272403916,3,1.822,Microinversor_2
68,Wilkne,2024-01-23,106272403916,4,1.867,Microinversor_2
69,Wilkne,2024-01-23,106272404964,1,0.012,Microinversor_3
70,Wilkne,2024-01-23,106272404964,2,1.933,Microinversor_3
71,Wilkne,2024-01-23,106272404964,3,1.879,Microinversor_3
72,Wilkne,2024-01-23,106272404964,4,1.899,Microinversor_3
73,Wilkne,2024-01-21,106272403152,1,2.359,Microinversor_1
74,Wilkne,2024-01-21,106272403152,2,2.362,Microinversor_1
75,Wilkne,2024-01-21,106272403152,3,2.373,Microinversor_1
76,Wilkne,2024-01-21,106272403152,4,2.397,Microinversor_1
77,Wilkne,2024-01-21,106272403916,1,2.356,Microinversor_2
78,Wilkne,2024-01-21,106272403916,2,2.357,Microinversor_2
79,Wilkne,2024-01-21,106272403916,3,2.311,Microinversor_2
80,Wilkne,2024-01-21,106272403916,4,2.372,Microinversor_2
81,Wilkne,2024-01-21,106272404964,1,0.013,Microinversor_3
82,Wilkne,2024-01-21,106272404964,2,2.304,Microinversor_3
83,Wilkne,2024-01-21,106272404964,3,2.26,Microinversor_3
84,Wilkne,2024-01-21,106272404964,4,2.294,Microinversor_3
85,Wilkne,2024-01-09,106272403152,1,2.342,Microinversor_1
86,Wilkne,2024-01-09,106272403152,2,2.347,Microinversor_1
87,Wilkne,2024-01-09,106272403152,3,2.354,Microinversor_1
88,Wilkne,2024-01-09,106272403152,4,2.387,Microinversor_1
89,Wilkne,2024-01-09,106272403916,1,2.347,Microinversor_2
90,Wilkne,2024-01-09,106272403916,2,2.354,Microinversor_2
91,Wilkne,2024-01-09,106272403916,3,2.306,Microinversor_2
92,Wilkne,2024-01-09,106272403916,4,2.368,Microinversor_2
93,Wilkne,2024-01-09,106272404964,1,0.014,Microinversor_3
94,Wilkne,2024-01-09,106272404964,2,2.302,Microinversor_3
95,Wilkne,2024-01-09,106272404964,3,2.256,Microinversor_3
96,Wilkne,2024-01-09,106272404964,4,2.299,Microinversor_3
97,Wilkne,2025-02-07,106272403152,1,2.438,Microinversor_1
98,Wilkne,2025-02-07,106272403152,2,2.419,Microinversor_1
99,Wilkne,2025-02-07,106272403152,3,2.408,Microinversor_1
100,Wilkne,2025-02-07,106272403152,4,2.433,Microinversor_1
101,Wilkne,2025-02-07,106272403916,1,2.439,Microinversor_2
102,Wilkne,2025-02-07,106272403916,2,2.424,Microinversor_2
103,Wilkne,2025-02-07,106272403916,3,2.4,Microinversor_2
104,Wilkne,2025-02-07,106272403916,4,2.473,Microinversor_2
105,Wilkne,2025-02-07,106272404964,1,0.012,Microinversor_3
106,Wilkne,2025-02-07,106272404964,2,2.321,Microinversor_3
107,Wilkne,2025-02-07,106272404964,3,2.277,Microinversor_3
108,Wilkne,2025-02-07,106272404964,4,2.332,Microinversor_3
109,Wilkne,2025-02-13,106272403152,1,2.295,Microinversor_1
110,Wilkne,2025-02-13,106272403152,2,2.289,Microinversor_1
111,Wilkne,2025-02-13,106272403152,3,2.288,Microinversor_1
112,Wilkne,2025-02-13,106272403152,4,2.314,Microinversor_1
113,Wilkne,2025-02-13,106272403916,1,2.296,Microinversor_2
114,Wilkne,2025-02-13,106272403916,2,2.288,Microinversor_2
115,Wilkne,2025-02-13,106272403916,3,2.255,Microinversor_2
116,Wilkne,2025-02-13,106272403916,4,2.321,Microinversor_2
117,Wilkne,2025-02-13,106272404964,1,0.014,Microinversor_3
118,Wilkne,2025-02-13,106272404964,2,2.24,Microinversor_3
119,Wilkne,2025-02-13,106272404964,3,2.205,Microinversor_3
120,Wilkne,2025-02-13,106272404964,4,2.253,Microinversor_3
121,Wilkne,2025-02-12,106272403152,1,2.427,Microinversor_1
122,Wilkne,2025-02-12,106272403152,2,2.433,Microinversor_1
123,Wilkne,2025-02-12,106272403152,3,2.425,Microinversor_1
124,Wilkne,2025-02-12,106272403152,4,2.461,Microinversor_1
125,Wilkne,2025-02-12,106272403916,1,2.451,Microinversor_2
126,Wilkne,2025-02-12,106272403916,2,2.45,Microinversor_2
127,Wilkne,2025-02-12,106272403916,3,2.416,Microinversor_2
128,Wilkne,2025-02-12,106272403916,4,2.471,Microinversor_2
129,Wilkne,2025-02-12,106272404964,1,0.013,Microinversor_3
130,Wilkne,2025-02-12,106272404964,2,2.326,Microinversor_3
131,Wilkne,2025-02-12,106272404964,3,2.269,Microinversor_3
132,Wilkne,2025-02-12,106272404964,4,2.318,Microinversor_3
133,Wilkne,2025-02-06,106272403152,1,2.104,Microinversor_1
134,Wilkne,2025-02-06,106272403152,2,2.087,Microinversor_1
135,Wilkne,2025-02-06,106272403152,3,2.08,Microinversor_1
136,Wilkne,2025-02-06,106272403152,4,2.105,Microinversor_1
137,Wilkne,2025-02-06,106272403916,1,2.105,Microinversor_2
138,Wilkne,2025-02-06,106272403916,2,2.094,Microinversor_2
139,Wilkne,2025-02-06,106272403916,3,2.069,Microinversor_2
140,Wilkne,2025-02-06,106272403916,4,2.139,Microinversor_2
141,Wilkne,2025-02-06,106272404964,1,0.011,Microinversor_3
142,Wilkne,2025-02-06,106272404964,2,2.015,Microinversor_3
143,Wilkne,2025-02-06,106272404964,3,1.969,Microinversor_3
144,Wilkne,2025-02-06,106272404964,4,2.016,Microinversor_3
145,Wilkne,2024-01-08,106272403152,1,2.278,Microinversor_1
146,Wilkne,2024-01-08,106272403152,2,2.281,Microinversor_1
147,Wilkne,2024-01-08,106272403152,3,2.288,Microinversor_1
148,Wilkne,2024-01-08,106272403152,4,2.309,Microinversor_1
149,Wilkne,2024-01-08,106272403916,1,2.203,Microinversor_2
150,Wilkne,2024-01-08,106272403916,2,2.202,Microinversor_2
151,Wilkne,2024-01-08,106272403916,3,2.152,Microinversor_2
152,Wilkne,2024-01-08,106272403916,4,2.233,Microinversor_2
153,Wilkne,2024-01-08,106272404964,1,0.013,Microinversor_3
154,Wilkne,2024-01-08,106272404964,2,2.139,Microinversor_3
155,Wilkne,2024-01-08,106272404964,3,2.103,Microinversor_3
156,Wilkne,2024-01-08,106272404964,4,2.134,Microinversor_3
157,Wilkne,2024-01-20,106272403152,1,2.635,Microinversor_1
158,Wilkne,2024-01-20,106272403152,2,2.638,Microinversor_1
159,Wilkne,2024-01-20,106272403152,3,2.649,Microinversor_1
160,Wilkne,2024-01-20,106272403152,4,2.667,Microinversor_1
161,Wilkne,2024-01-20,106272403916,1,2.673,Microinversor_2
162,Wilkne,2024-01-20,106272403916,2,2.664,Microinversor_2
163,Wilkne,2024-01-20,106272403916,3,2.628,Microinversor_2
164,Wilkne,2024-01-20,106272403916,4,2.677,Microinversor_2
165,Wilkne,2024-01-20,106272404964,1,0.013,Microinversor_3
166,Wilkne,2024-01-20,106272404964,2,2.461,Microinversor_3
167,Wilkne,2024-01-20,106272404964,3,2.413,Microinversor_3
168,Wilkne,2024-01-20,106272404964,4,2.447,Microinversor_3
169,Wilkne,2024-01-18,106272403152,1,2.673,Microinversor_1
170,Wilkne,2024-01-18,106272403152,2,2.677,Microinversor_1
171,Wilkne,2024-01-18,106272403152,3,2.693,Microinversor_1
172,Wilkne,2024-01-18,106272403152,4,2.719,Microinversor_1
173,Wilkne,2024-01-18,106272403916,1,2.699,Microinversor_2
174,Wilkne,2024-01-18,106272403916,2,2.694,Microinversor_2
175,Wilkne,2024-01-18,106272403916,3,2.652,Microinversor_2
176,Wilkne,2024-01-18,106272403916,4,2.708,Microinversor_2
177,Wilkne,2024-01-18,106272404964,1,0.013,Microinversor_3
178,Wilkne,2024-01-18,106272404964,2,2.474,Microinversor_3
179,Wilkne,2024-01-18,106272404964,3,2.423,Microinversor_3
180,Wilkne,2024-01-18,106272404964,4,2.458,Microinversor_3
181,Wilkne,2024-01-30,106272403152,1,2.326,Microinversor_1
182,Wilkne,2024-01-30,106272403152,2,2.33,Microinversor_1
183,Wilkne,2024-01-30,106272403152,3,2.333,Microinversor_1
184,Wilkne,2024-01-30,106272403152,4,2.357,Microinversor_1
185,Wilkne,2024-01-30,106272403916,1,2.351,Microinversor_2
186,Wilkne,2024-01-30,106272403916,2,2.349,Microinversor_2
187,Wilkne,2024-01-30,106272403916,3,2.316,Microinversor_2
188,Wilkne,2024-01-30,106272403916,4,2.368,Microinversor_2
189,Wilkne,2024-01-30,106272404964,1,0.013,Microinversor_3
190,Wilkne,2024-01-30,106272404964,2,2.14,Microinversor_3
191,Wilkne,2024-01-30,106272404964,3,2.107,Microinversor_3
192,Wilkne,2024-01-30,106272404964,4,2.139,Microinversor_3
193,Wilkne,2024-01-24,106272403152,1,1.27,Microinversor_1
194,Wilkne,2024-01-24,106272403152,2,1.275,Microinversor_1
195,Wilkne,2024-01-24,106272403152,3,1.274,Microinversor_1
196,Wilkne,2024-01-24,106272403152,4,1.284,Microinversor_1
197,Wilkne,2024-01-24,106272403916,1,1.278,Microinversor_2
198,Wilkne,2024-01-24,106272403916,2,1.273,Microinversor_2
199,Wilkne,2024-01-24,106272403916,3,1.26,Microinversor_2
200,Wilkne,2024-01-24,106272403916,4,1.284,Microinversor_2
201,Wilkne,2024-01-24,106272404964,1,0.011,Microinversor_3
202,Wilkne,2024-01-24,106272404964,2,1.201,Microinversor_3
203,Wilkne,2024-01-24,106272404964,3,1.209,Microinversor_3
204,Wilkne,2024-01-24,106272404964,4,1.209,Microinversor_3
205,Wilkne,2025-02-02,106272403152,1,2.42,Microinversor_1
206,Wilkne,2025-02-02,106272403152,2,2.429,Microinversor_1
207,Wilkne,2025-02-02,106272403152,3,2.428,Microinversor_1
208,Wilkne,2025-02-02,106272403152,4,2.463,Microinversor_1
209,Wilkne,2025-02-02,106272403916,1,2.444,Microinversor_2
210,Wilkne,2025-02-02,106272403916,2,2.449,Microinversor_2
211,Wilkne,2025-02-02,106272403916,3,2.408,Microinversor_2
212,Wilkne,2025-02-02,106272403916,4,2.465,Microinversor_2
213,Wilkne,2025-02-02,106272404964,1,0.013,Microinversor_3
214,Wilkne,2025-02-02,106272404964,2,2.291,Microinversor_3
215,Wilkne,2025-02-02,106272404964,3,2.233,Microinversor_3
216,Wilkne,2025-02-02,106272404964,4,2.28,Microinversor_3
217,Wilkne,2025-02-16,106272403152,1,2.186,Microinversor_1
218,Wilkne,2025-02-16,106272403152,2,2.176,Microinversor_1
219,Wilkne,2025-02-16,106272403152,3,2.167,Microinversor_1
220,Wilkne,2025-02-16,106272403152,4,2.19,Microinversor_1
221,Wilkne,2025-02-16,106272403916,1,2.189,Microinversor_2
222,Wilkne,2025-02-16,106272403916,2,2.177,Microinversor_2
223,Wilkne,2025-02-16,106272403916,3,2.157,Microinversor_2
224,Wilkne,2025-02-16,106272403916,4,2.221,Microinversor_2
225,Wilkne,2025-02-16,106272404964,1,0.013,Microinversor_3
226,Wilkne,2025-02-16,106272404964,2,2.079,Microinversor_3
227,Wilkne,2025-02-16,106272404964,3,2.009,Microinversor_3
228,Wilkne,2025-02-16,106272404964,4,2.065,Microinversor_3
229,Wilkne,2025-02-17,106272403152,1,2.092,Microinversor_1
230,Wilkne,2025-02-17,106272403152,2,2.089,Microinversor_1
231,Wilkne,2025-02-17,106272403152,3,2.072,Microinversor_1
232,Wilkne,2025-02-17,106272403152,4,2.104,Microinversor_1
233,Wilkne,2025-02-17,106272403916,1,2.053,Microinversor_2
234,Wilkne,2025-02-17,106272403916,2,2.065,Microinversor_2
235,Wilkne,2025-02-17,106272403916,3,2.026,Microinversor_2
236,Wilkne,2025-02-17,106272403916,4,2.101,Microinversor_2
237,Wilkne,2025-02-17,106272404964,1,0.013,Microinversor_3
238,Wilkne,2025-02-17,106272404964,2,1.932,Microinversor_3
239,Wilkne,2025-02-17,106272404964,3,1.853,Microinversor_3
240,Wilkne,2025-02-17,106272404964,4,1.91,Microinversor_3
241,Wilkne,2025-02-03,106272403152,1,2.449,Microinversor_1
242,Wilkne,2025-02-03,106272403152,2,2.442,Microinversor_1
243,Wilkne,2025-02-03,106272403152,3,2.438,Microinversor_1
244,Wilkne,2025-02-03,106272403152,4,2.476,Microinversor_1
245,Wilkne,2025-02-03,106272403916,1,2.47,Microinversor_2
246,Wilkne,2025-02-03,106272403916,2,2.462,Microinversor_2
247,Wilkne,2025-02-03,106272403916,3,2.429,Microinversor_2
248,Wilkne,2025-02-03,106272403916,4,2.49,Microinversor_2
249,Wilkne,2025-02-03,106272404964,1,0.013,Microinversor_3
250,Wilkne,2025-02-03,106272404964,2,2.387,Microinversor_3
251,Wilkne,2025-02-03,106272404964,3,2.35,Microinversor_3
252,Wilkne,2025-02-03,106272404964,4,2.4,Microinversor_3
253,Wilkne,2024-01-25,106272403152,1,1.275,Microinversor_1
254,Wilkne,2024-01-25,106272403152,2,1.28,Microinversor_1
255,Wilkne,2024-01-25,106272403152,3,1.281,Microinversor_1
256,Wilkne,2024-01-25,106272403152,4,1.296,Microinversor_1
257,Wilkne,2024-01-25,106272403916,1,1.289,Microinversor_2
258,Wilkne,2024-01-25,106272403916,2,1.285,Microinversor_2
259,Wilkne,2024-01-25,106272403916,3,1.268,Microinversor_2
260,Wilkne,2024-01-25,106272403916,4,1.295,Microinversor_2
261,Wilkne,2024-01-25,106272404964,1,0.011,Microinversor_3
262,Wilkne,2024-01-25,106272404964,2,1.245,Microinversor_3
263,Wilkne,2024-01-25,106272404964,3,1.25,Microinversor_3
264,Wilkne,2024-01-25,106272404964,4,1.256,Microinversor_3
265,Wilkne,2024-01-31,106272403152,1,2.601,Microinversor_1
266,Wilkne,2024-01-31,106272403152,2,2.606,Microinversor_1
267,Wilkne,2024-01-31,106272403152,3,2.62,Microinversor_1
268,Wilkne,2024-01-31,106272403152,4,2.649,Microinversor_1
269,Wilkne,2024-01-31,106272403916,1,2.615,Microinversor_2
270,Wilkne,2024-01-31,106272403916,2,2.615,Microinversor_2
271,Wilkne,2024-01-31,106272403916,3,2.57,Microinversor_2
272,Wilkne,2024-01-31,106272403916,4,2.63,Microinversor_2
273,Wilkne,2024-01-31,106272404964,1,0.014,Microinversor_3
274,Wilkne,2024-01-31,106272404964,2,2.425,Microinversor_3
275,Wilkne,2024-01-31,106272404964,3,2.385,Microinversor_3
276,Wilkne,2024-01-31,106272404964,4,2.424,Microinversor_3
277,Wilkne,2024-01-19,106272403152,1,2.564,Microinversor_1
278,Wilkne,2024-01-19,106272403152,2,2.569,Microinversor_1
279,Wilkne,2024-01-19,106272403152,3,2.582,Microinversor_1
280,Wilkne,2024-01-19,106272403152,4,2.606,Microinversor_1
281,Wilkne,2024-01-19,106272403916,1,2.574,Microinversor_2
282,Wilkne,2024-01-19,106272403916,2,2.575,Microinversor_2
283,Wilkne,2024-01-19,106272403916,3,2.527,Microinversor_2
284,Wilkne,2024-01-19,106272403916,4,2.586,Microinversor_2
285,Wilkne,2024-01-19,106272404964,1,0.014,Microinversor_3
286,Wilkne,2024-01-19,106272404964,2,2.442,Microinversor_3
287,Wilkne,2024-01-19,106272404964,3,2.395,Microinversor_3
288,Wilkne,2024-01-19,106272404964,4,2.43,Microinversor_3
289,Wilkne,2024-01-27,106272403152,1,1.642,Microinversor_1
290,Wilkne,2024-01-27,106272403152,2,1.652,Microinversor_1
291,Wilkne,2024-01-27,106272403152,3,1.653,Microinversor_1
292,Wilkne,2024-01-27,106272403152,4,1.669,Microinversor_1
293,Wilkne,2024-01-27,106272403916,1,1.662,Microinversor_2
294,Wilkne,2024-01-27,106272403916,2,1.659,Microinversor_2
295,Wilkne,2024-01-27,106272403916,3,1.637,Microinversor_2
296,Wilkne,2024-01-27,106272403916,4,1.666,Microinversor_2
297,Wilkne,2024-01-27,106272404964,1,0.012,Microinversor_3
298,Wilkne,2024-01-27,106272404964,2,1.627,Microinversor_3
299,Wilkne,2024-01-27,106272404964,3,1.611,Microinversor_3
300,Wilkne,2024-01-27,106272404964,4,1.626,Microinversor_3
301,Wilkne,2025-02-15,106272403152,1,2.312,Microinversor_1
302,Wilkne,2025-02-15,106272403152,2,2.316,Microinversor_1
303,Wilkne,2025-02-15,106272403152,3,2.318,Microinversor_1
304,Wilkne,2025-02-15,106272403152,4,2.346,Microinversor_1
305,Wilkne,2025-02-15,106272403916,1,2.345,Microinversor_2
306,Wilkne,2025-02-15,106272403916,2,2.334,Microinversor_2
307,Wilkne,2025-02-15,106272403916,3,2.309,Microinversor_2
308,Wilkne,2025-02-15,106272403916,4,2.358,Microinversor_2
309,Wilkne,2025-02-15,106272404964,1,0.013,Microinversor_3
310,Wilkne,2025-02-15,106272404964,2,2.247,Microinversor_3
311,Wilkne,2025-02-15,106272404964,3,2.217,Microinversor_3
312,Wilkne,2025-02-15,106272404964,4,2.259,Microinversor_3
313,Wilkne,2025-02-01,106272403152,1,2.548,Microinversor_1
314,Wilkne,2025-02-01,106272403152,2,2.556,Microinversor_1
315,Wilkne,2025-02-01,106272403152,3,2.56,Microinversor_1
316,Wilkne,2025-02-01,106272403152,4,2.588,Microinversor_1
317,Wilkne,2025-02-01,106272403916,1,2.59,Microinversor_2
318,Wilkne,2025-02-01,106272403916,2,2.582,Microinversor_2
319,Wilkne,2025-02-01,106272403916,3,2.546,Microinversor_2
320,Wilkne,2025-02-01,106272403916,4,2.589,Microinversor_2
321,Wilkne,2025-02-01,106272404964,1,0.013,Microinversor_3
322,Wilkne,2025-02-01,106272404964,2,2.344,Microinversor_3
323,Wilkne,2025-02-01,106272404964,3,2.306,Microinversor_3
324,Wilkne,2025-02-01,106272404964,4,2.342,Microinversor_3
325,Wilkne,2025-02-14,106272403152,1,2.554,Microinversor_1
326,Wilkne,2025-02-14,106272403152,2,2.549,Microinversor_1
327,Wilkne,2025-02-14,106272403152,3,2.547,Microinversor_1
328,Wilkne,2025-02-14,106272403152,4,2.577,Microinversor_1
329,Wilkne,2025-02-14,106272403916,1,2.532,Microinversor_2
330,Wilkne,2025-02-14,106272403916,2,2.531,Microinversor_2
331,Wilkne,2025-02-14,106272403916,3,2.486,Microinversor_2
332,Wilkne,2025-02-14,106272403916,4,2.566,Microinversor_2
333,Wilkne,2025-02-14,106272404964,1,0.014,Microinversor_3
334,Wilkne,2025-02-14,106272404964,2,2.473,Microinversor_3
335,Wilkne,2025-02-14,106272404964,3,2.431,Microinversor_3
336,Wilkne,2025-02-14,106272404964,4,2.483,Microinversor_3
337,Wilkne,2025-02-28,106272403152,1,1.799,Microinversor_1
338,Wilkne,2025-02-28,106272403152,2,1.802,Microinversor_1
339,Wilkne,2025-02-28,106272403152,3,1.801,Microinversor_1
340,Wilkne,2025-02-28,106272403152,4,1.817,Microinversor_1
341,Wilkne,2025-02-28,106272403916,1,1.813,Microinversor_2
342,Wilkne,2025-02-28,106272403916,2,1.8,Microinversor_2
343,Wilkne,2025-02-28,106272403916,3,1.786,Microinversor_2
344,Wilkne,2025-02-28,106272403916,4,1.826,Microinversor_2
345,Wilkne,2025-02-28,106272404964,1,0.0,Microinversor_3
346,Wilkne,2025-02-28,106272404964,2,0.0,Microinversor_3
347,Wilkne,2025-02-28,106272404964,3,0.0,Microinversor_3
348,Wilkne,2025-02-28,106272404964,4,0.0,Microinversor_3
349,Wilkne,2024-01-26,106272403152,1,1.578,Microinversor_1
350,Wilkne,2024-01-26,106272403152,2,1.589,Microinversor_1
351,Wilkne,2024-01-26,106272403152,3,1.585,Microinversor_1
352,Wilkne,2024-01-26,106272403152,4,1.602,Microinversor_1
353,Wilkne,2024-01-26,106272403916,1,1.592,Microinversor_2
354,Wilkne,2024-01-26,106272403916,2,1.588,Microinversor_2
355,Wilkne,2024-01-26,106272403916,3,1.567,Microinversor_2
356,Wilkne,2024-01-26,106272403916,4,1.603,Microinversor_2
357,Wilkne,2024-01-26,106272404964,1,0.011,Microinversor_3
358,Wilkne,2024-01-26,106272404964,2,1.574,Microinversor_3
359,Wilkne,2024-01-26,106272404964,3,1.531,Microinversor_3
360,Wilkne,2024-01-26,106272404964,4,1.547,Microinversor_3
361,Wilkne,2024-02-10,106272403152,1,2.091,Microinversor_1
362,Wilkne,2024-02-10,106272403152,2,2.097,Microinversor_1
363,Wilkne,2024-02-10,106272403152,3,2.1,Microinversor_1
364,Wilkne,2024-02-10,106272403152,4,2.125,Microinversor_1
365,Wilkne,2024-02-10,106272403916,1,2.12,Microinversor_2
366,Wilkne,2024-02-10,106272403916,2,2.117,Microinversor_2
367,Wilkne,2024-02-10,106272403916,3,2.089,Microinversor_2
368,Wilkne,2024-02-10,106272403916,4,2.13,Microinversor_2
369,Wilkne,2024-02-10,106272404964,1,0.012,Microinversor_3
370,Wilkne,2024-02-10,106272404964,2,1.931,Microinversor_3
371,Wilkne,2024-02-10,106272404964,3,1.904,Microinversor_3
372,Wilkne,2024-02-10,106272404964,4,1.932,Microinversor_3
373,Wilkne,2024-02-04,106272403152,1,2.458,Microinversor_1
374,Wilkne,2024-02-04,106272403152,2,2.457,Microinversor_1
375,Wilkne,2024-02-04,106272403152,3,2.466,Microinversor_1
376,Wilkne,2024-02-04,106272403152,4,2.493,Microinversor_1
377,Wilkne,2024-02-04,106272403916,1,2.493,Microinversor_2
378,Wilkne,2024-02-04,106272403916,2,2.486,Microinversor_2
379,Wilkne,2024-02-04,106272403916,3,2.454,Microinversor_2
380,Wilkne,2024-02-04,106272403916,4,2.505,Microinversor_2
381,Wilkne,2024-02-04,106272404964,1,0.013,Microinversor_3
382,Wilkne,2024-02-04,106272404964,2,2.288,Microinversor_3
383,Wilkne,2024-02-04,106272404964,3,2.257,Microinversor_3
384,Wilkne,2024-02-04,106272404964,4,2.297,Microinversor_3
385,Wilkne,2024-12-29,106272403152,1,2.121,Microinversor_1
386,Wilkne,2024-12-29,106272403152,2,2.131,Microinversor_1
387,Wilkne,2024-12-29,106272403152,3,2.13,Microinversor_1
388,Wilkne,2024-12-29,106272403152,4,2.156,Microinversor_1
389,Wilkne,2024-12-29,106272403916,1,2.146,Microinversor_2
390,Wilkne,2024-12-29,106272403916,2,2.144,Microinversor_2
391,Wilkne,2024-12-29,106272403916,3,2.113,Microinversor_2
392,Wilkne,2024-12-29,106272403916,4,2.158,Microinversor_2
393,Wilkne,2024-12-29,106272404964,1,0.012,Microinversor_3
394,Wilkne,2024-12-29,106272404964,2,1.966,Microinversor_3
395,Wilkne,2024-12-29,106272404964,3,1.928,Microinversor_3
396,Wilkne,2024-12-29,106272404964,4,1.959,Microinversor_3
397,Wilkne,2024-12-01,106272403152,1,2.149,Microinversor_1
398,Wilkne,2024-12-01,106272403152,2,2.126,Microinversor_1
399,Wilkne,2024-12-01,106272403152,3,2.119,Microinversor_1
400,Wilkne,2024-12-01,106272403152,4,2.158,Microinversor_1
401,Wilkne,2024-12-01,106272403916,1,2.104,Microinversor_2
402,Wilkne,2024-12-01,106272403916,2,2.122,Microinversor_2
403,Wilkne,2024-12-01,106272403916,3,2.092,Microinversor_2
404,Wilkne,2024-12-01,106272403916,4,2.152,Microinversor_2
405,Wilkne,2024-12-01,106272404964,1,0.012,Microinversor_3
406,Wilkne,2024-12-01,106272404964,2,2.031,Microinversor_3
407,Wilkne,2024-12-01,106272404964,3,1.981,Microinversor_3
408,Wilkne,2024-12-01,106272404964,4,1.983,Microinversor_3
409,Wilkne,2024-12-15,106272403152,1,2.024,Microinversor_1
410,Wilkne,2024-12-15,106272403152,2,2.034,Microinversor_1
411,Wilkne,2024-12-15,106272403152,3,2.031,Microinversor_1
412,Wilkne,2024-12-15,106272403152,4,2.046,Microinversor_1
413,Wilkne,2024-12-15,106272403916,1,2.04,Microinversor_2
414,Wilkne,2024-12-15,106272403916,2,2.029,Microinversor_2
415,Wilkne,2024-12-15,106272403916,3,2.012,Microinversor_2
416,Wilkne,2024-12-15,106272403916,4,2.053,Microinversor_2
417,Wilkne,2024-12-15,106272404964,1,0.012,Microinversor_3
418,Wilkne,2024-12-15,106272404964,2,1.771,Microinversor_3
419,Wilkne,2024-12-15,106272404964,3,1.75,Microinversor_3
420,Wilkne,2024-12-15,106272404964,4,1.77,Microinversor_3
421,Wilkne,2025-01-22,106272403152,1,1.694,Microinversor_1
422,Wilkne,2025-01-22,106272403152,2,1.7,Microinversor_1
423,Wilkne,2025-01-22,106272403152,3,1.692,Microinversor_1
424,Wilkne,2025-01-22,106272403152,4,1.708,Microinversor_1
425,Wilkne,2025-01-22,106272403916,1,1.703,Microinversor_2
426,Wilkne,2025-01-22,106272403916,2,1.7,Microinversor_2
427,Wilkne,2025-01-22,106272403916,3,1.682,Microinversor_2
428,Wilkne,2025-01-22,106272403916,4,1.723,Microinversor_2
429,Wilkne,2025-01-22,106272404964,1,0.011,Microinversor_3
430,Wilkne,2025-01-22,106272404964,2,1.488,Microinversor_3
431,Wilkne,2025-01-22,106272404964,3,1.473,Microinversor_3
432,Wilkne,2025-01-22,106272404964,4,1.489,Microinversor_3
433,Wilkne,2025-01-23,106272403152,1,2.231,Microinversor_1
434,Wilkne,2025-01-23,106272403152,2,2.23,Microinversor_1
435,Wilkne,2025-01-23,106272403152,3,2.233,Microinversor_1
436,Wilkne,2025-01-23,106272403152,4,2.261,Microinversor_1
437,Wilkne,2025-01-23,106272403916,1,2.231,Microinversor_2
438,Wilkne,2025-01-23,106272403916,2,2.23,Microinversor_2
439,Wilkne,2025-01-23,106272403916,3,2.189,Microinversor_2
440,Wilkne,2025-01-23,106272403916,4,2.256,Microinversor_2
441,Wilkne,2025-01-23,106272404964,1,0.013,Microinversor_3
442,Wilkne,2025-01-23,106272404964,2,2.197,Microinversor_3
443,Wilkne,2025-01-23,106272404964,3,2.149,Microinversor_3
444,Wilkne,2025-01-23,106272404964,4,2.189,Microinversor_3
445,Wilkne,2024-12-14,106272403152,1,1.427,Microinversor_1
446,Wilkne,2024-12-14,106272403152,2,1.433,Microinversor_1
447,Wilkne,2024-12-14,106272403152,3,1.431,Microinversor_1
448,Wilkne,2024-12-14,106272403152,4,1.445,Microinversor_1
449,Wilkne,2024-12-14,106272403916,1,1.438,Microinversor_2
450,Wilkne,2024-12-14,106272403916,2,1.433,Microinversor_2
451,Wilkne,2024-12-14,106272403916,3,1.417,Microinversor_2
452,Wilkne,2024-12-14,106272403916,4,1.449,Microinversor_2
453,Wilkne,2024-12-14,106272404964,1,0.011,Microinversor_3
454,Wilkne,2024-12-14,106272404964,2,1.326,Microinversor_3
455,Wilkne,2024-12-14,106272404964,3,1.318,Microinversor_3
456,Wilkne,2024-12-14,106272404964,4,1.329,Microinversor_3
457,Wilkne,2024-12-28,106272403152,1,2.255,Microinversor_1
458,Wilkne,2024-12-28,106272403152,2,2.259,Microinversor_1
459,Wilkne,2024-12-28,106272403152,3,2.254,Microinversor_1
460,Wilkne,2024-12-28,106272403152,4,2.284,Microinversor_1
461,Wilkne,2024-12-28,106272403916,1,2.272,Microinversor_2
462,Wilkne,2024-12-28,106272403916,2,2.269,Microinversor_2
463,Wilkne,2024-12-28,106272403916,3,2.24,Microinversor_2
464,Wilkne,2024-12-28,106272403916,4,2.294,Microinversor_2
465,Wilkne,2024-12-28,106272404964,1,0.012,Microinversor_3
466,Wilkne,2024-12-28,106272404964,2,2.052,Microinversor_3
467,Wilkne,2024-12-28,106272404964,3,2.021,Microinversor_3
468,Wilkne,2024-12-28,106272404964,4,2.053,Microinversor_3
469,Wilkne,2024-02-05,106272403152,1,2.499,Microinversor_1
470,Wilkne,2024-02-05,106272403152,2,2.504,Microinversor_1
471,Wilkne,2024-02-05,106272403152,3,2.505,Microinversor_1
472,Wilkne,2024-02-05,106272403152,4,2.538,Microinversor_1
473,Wilkne,2024-02-05,106272403916,1,2.527,Microinversor_2
474,Wilkne,2024-02-05,106272403916,2,2.529,Microinversor_2
475,Wilkne,2024-02-05,106272403916,3,2.492,Microinversor_2
476,Wilkne,2024-02-05,106272403916,4,2.548,Microinversor_2
477,Wilkne,2024-02-05,106272404964,1,0.013,Microinversor_3
478,Wilkne,2024-02-05,106272404964,2,2.324,Microinversor_3
479,Wilkne,2024-02-05,106272404964,3,2.278,Microinversor_3
480,Wilkne,2024-02-05,106272404964,4,2.323,Microinversor_3
481,Wilkne,2024-02-11,106272403152,1,2.244,Microinversor_1
482,Wilkne,2024-02-11,106272403152,2,2.241,Microinversor_1
483,Wilkne,2024-02-11,106272403152,3,2.246,Microinversor_1
484,Wilkne,2024-02-11,106272403152,4,2.267,Microinversor_1
485,Wilkne,2024-02-11,106272403916,1,2.252,Microinversor_2
486,Wilkne,2024-02-11,106272403916,2,2.245,Microinversor_2
487,Wilkne,2024-02-11,106272403916,3,2.213,Microinversor_2
488,Wilkne,2024-02-11,106272403916,4,2.273,Microinversor_2
489,Wilkne,2024-02-11,106272404964,1,0.013,Microinversor_3
490,Wilkne,2024-02-11,106272404964,2,2.25,Microinversor_3
491,Wilkne,2024-02-11,106272404964,3,2.213,Microinversor_3
492,Wilkne,2024-02-11,106272404964,4,2.253,Microinversor_3
493,Wilkne,2024-02-07,106272403152,1,2.168,Microinversor_1
494,Wilkne,2024-02-07,106272403152,2,2.178,Microinversor_1
495,Wilkne,2024-02-07,106272403152,3,2.176,Microinversor_1
496,Wilkne,2024-02-07,106272403152,4,2.195,Microinversor_1
497,Wilkne,2024-02-07,106272403916,1,2.19,Microinversor_2
498,Wilkne,2024-02-07,106272403916,2,2.187,Microinversor_2
499,Wilkne,2024-02-07,106272403916,3,2.158,Microinversor_2
500,Wilkne,2024-02-07,106272403916,4,2.203,Microinversor_2
501,Wilkne,2024-02-07,106272404964,1,0.012,Microinversor_3
502,Wilkne,2024-02-07,106272404964,2,2.076,Microinversor_3
503,Wilkne,2024-02-07,106272404964,3,2.031,Microinversor_3
504,Wilkne,2024-02-07,106272404964,4,2.063,Microinversor_3
505,Wilkne,2024-12-16,106272403152,1,2.204,Microinversor_1
506,Wilkne,2024-12-16,106272403152,2,2.216,Microinversor_1
507,Wilkne,2024-12-16,106272403152,3,2.217,Microinversor_1
508,Wilkne,2024-12-16,106272403152,4,2.242,Microinversor_1
509,Wilkne,2024-12-16,106272403916,1,2.233,Microinversor_2
510,Wilkne,2024-12-16,106272403916,2,2.224,Microinversor_2
511,Wilkne,2024-12-16,106272403916,3,2.198,Microinversor_2
512,Wilkne,2024-12-16,106272403916,4,2.245,Microinversor_2
513,Wilkne,2024-12-16,106272404964,1,0.012,Microinversor_3
514,Wilkne,2024-12-16,106272404964,2,2.029,Microinversor_3
515,Wilkne,2024-12-16,106272404964,3,2.0,Microinversor_3
516,Wilkne,2024-12-16,106272404964,4,2.03,Microinversor_3
517,Wilkne,2024-12-02,106272403152,1,1.594,Microinversor_1
518,Wilkne,2024-12-02,106272403152,2,1.578,Microinversor_1
519,Wilkne,2024-12-02,106272403152,3,1.567,Microinversor_1
520,Wilkne,2024-12-02,106272403152,4,1.601,Microinversor_1
521,Wilkne,2024-12-02,106272403916,1,1.556,Microinversor_2
522,Wilkne,2024-12-02,106272403916,2,1.568,Microinversor_2
523,Wilkne,2024-12-02,106272403916,3,1.549,Microinversor_2
524,Wilkne,2024-12-02,106272403916,4,1.597,Microinversor_2
525,Wilkne,2024-12-02,106272404964,1,0.012,Microinversor_3
526,Wilkne,2024-12-02,106272404964,2,1.556,Microinversor_3
527,Wilkne,2024-12-02,106272404964,3,1.52,Microinversor_3
528,Wilkne,2024-12-02,106272404964,4,1.526,Microinversor_3
529,Wilkne,2025-01-09,106272403152,1,2.044,Microinversor_1
530,Wilkne,2025-01-09,106272403152,2,2.051,Microinversor_1
531,Wilkne,2025-01-09,106272403152,3,2.057,Microinversor_1
532,Wilkne,2025-01-09,106272403152,4,2.075,Microinversor_1
533,Wilkne,2025-01-09,106272403916,1,2.074,Microinversor_2
534,Wilkne,2025-01-09,106272403916,2,2.065,Microinversor_2
535,Wilkne,2025-01-09,106272403916,3,2.037,Microinversor_2
536,Wilkne,2025-01-09,106272403916,4,2.075,Microinversor_2
537,Wilkne,2025-01-09,106272404964,1,0.012,Microinversor_3
538,Wilkne,2025-01-09,106272404964,2,2.011,Microinversor_3
539,Wilkne,2025-01-09,106272404964,3,1.988,Microinversor_3
540,Wilkne,2025-01-09,106272404964,4,2.014,Microinversor_3
541,Wilkne,2025-01-21,106272403152,1,2.361,Microinversor_1
542,Wilkne,2025-01-21,106272403152,2,2.351,Microinversor_1
543,Wilkne,2025-01-21,106272403152,3,2.353,Microinversor_1
544,Wilkne,2025-01-21,106272403152,4,2.382,Microinversor_1
545,Wilkne,2025-01-21,106272403916,1,2.315,Microinversor_2
546,Wilkne,2025-01-21,106272403916,2,2.318,Microinversor_2
547,Wilkne,2025-01-21,106272403916,3,2.265,Microinversor_2
548,Wilkne,2025-01-21,106272403916,4,2.36,Microinversor_2
549,Wilkne,2025-01-21,106272404964,1,0.014,Microinversor_3
550,Wilkne,2025-01-21,106272404964,2,2.299,Microinversor_3
551,Wilkne,2025-01-21,106272404964,3,2.254,Microinversor_3
552,Wilkne,2025-01-21,106272404964,4,2.3,Microinversor_3
553,Wilkne,2025-01-20,106272403152,1,1.991,Microinversor_1
554,Wilkne,2025-01-20,106272403152,2,1.993,Microinversor_1
555,Wilkne,2025-01-20,106272403152,3,1.993,Microinversor_1
556,Wilkne,2025-01-20,106272403152,4,2.007,Microinversor_1
557,Wilkne,2025-01-20,106272403916,1,1.959,Microinversor_2
558,Wilkne,2025-01-20,106272403916,2,1.954,Microinversor_2
559,Wilkne,2025-01-20,106272403916,3,1.919,Microinversor_2
560,Wilkne,2025-01-20,106272403916,4,1.985,Microinversor_2
561,Wilkne,2025-01-20,106272404964,1,0.012,Microinversor_3
562,Wilkne,2025-01-20,106272404964,2,1.981,Microinversor_3
563,Wilkne,2025-01-20,106272404964,3,1.945,Microinversor_3
564,Wilkne,2025-01-20,106272404964,4,1.972,Microinversor_3
565,Wilkne,2025-01-08,106272403152,1,2.22,Microinversor_1
566,Wilkne,2025-01-08,106272403152,2,2.226,Microinversor_1
567,Wilkne,2025-01-08,106272403152,3,2.229,Microinversor_1
568,Wilkne,2025-01-08,106272403152,4,2.246,Microinversor_1
569,Wilkne,2025-01-08,106272403916,1,2.245,Microinversor_2
570,Wilkne,2025-01-08,106272403916,2,2.236,Microinversor_2
571,Wilkne,2025-01-08,106272403916,3,2.209,Microinversor_2
572,Wilkne,2025-01-08,106272403916,4,2.251,Microinversor_2
573,Wilkne,2025-01-08,106272404964,1,0.012,Microinversor_3
574,Wilkne,2025-01-08,106272404964,2,2.05,Microinversor_3
575,Wilkne,2025-01-08,106272404964,3,2.026,Microinversor_3
576,Wilkne,2025-01-08,106272404964,4,2.05,Microinversor_3
577,Wilkne,2024-12-03,106272403152,1,1.419,Microinversor_1
578,Wilkne,2024-12-03,106272403152,2,1.406,Microinversor_1
579,Wilkne,2024-12-03,106272403152,3,1.396,Microinversor_1
580,Wilkne,2024-12-03,106272403152,4,1.427,Microinversor_1
581,Wilkne,2024-12-03,106272403916,1,1.385,Microinversor_2
582,Wilkne,2024-12-03,106272403916,2,1.398,Microinversor_2
583,Wilkne,2024-12-03,106272403916,3,1.382,Microinversor_2
584,Wilkne,2024-12-03,106272403916,4,1.423,Microinversor_2
585,Wilkne,2024-12-03,106272404964,1,0.011,Microinversor_3
586,Wilkne,2024-12-03,106272404964,2,1.343,Microinversor_3
587,Wilkne,2024-12-03,106272404964,3,1.319,Microinversor_3
588,Wilkne,2024-12-03,106272404964,4,1.319,Microinversor_3
589,Wilkne,2024-12-17,106272403152,1,2.309,Microinversor_1
590,Wilkne,2024-12-17,106272403152,2,2.319,Microinversor_1
591,Wilkne,2024-12-17,106272403152,3,2.321,Microinversor_1
592,Wilkne,2024-12-17,106272403152,4,2.344,Microinversor_1
593,Wilkne,2024-12-17,106272403916,1,2.338,Microinversor_2
594,Wilkne,2024-12-17,106272403916,2,2.333,Microinversor_2
595,Wilkne,2024-12-17,106272403916,3,2.302,Microinversor_2
596,Wilkne,2024-12-17,106272403916,4,2.345,Microinversor_2
597,Wilkne,2024-12-17,106272404964,1,0.012,Microinversor_3
598,Wilkne,2024-12-17,106272404964,2,2.078,Microinversor_3
599,Wilkne,2024-12-17,106272404964,3,2.047,Microinversor_3
600,Wilkne,2024-12-17,106272404964,4,2.074,Microinversor_3
601,Wilkne,2024-02-06,106272403152,1,2.249,Microinversor_1
602,Wilkne,2024-02-06,106272403152,2,2.256,Microinversor_1
603,Wilkne,2024-02-06,106272403152,3,2.259,Microinversor_1
604,Wilkne,2024-02-06,106272403152,4,2.281,Microinversor_1
605,Wilkne,2024-02-06,106272403916,1,2.277,Microinversor_2
606,Wilkne,2024-02-06,106272403916,2,2.273,Microinversor_2
607,Wilkne,2024-02-06,106272403916,3,2.242,Microinversor_2
608,Wilkne,2024-02-06,106272403916,4,2.286,Microinversor_2
609,Wilkne,2024-02-06,106272404964,1,0.012,Microinversor_3
610,Wilkne,2024-02-06,106272404964,2,2.094,Microinversor_3
611,Wilkne,2024-02-06,106272404964,3,2.061,Microinversor_3
612,Wilkne,2024-02-06,106272404964,4,2.088,Microinversor_3
613,Wilkne,2024-02-02,106272403152,1,2.367,Microinversor_1
614,Wilkne,2024-02-02,106272403152,2,2.371,Microinversor_1
615,Wilkne,2024-02-02,106272403152,3,2.372,Microinversor_1
616,Wilkne,2024-02-02,106272403152,4,2.396,Microinversor_1
617,Wilkne,2024-02-02,106272403916,1,2.359,Microinversor_2
618,Wilkne,2024-02-02,106272403916,2,2.363,Microinversor_2
619,Wilkne,2024-02-02,106272403916,3,2.326,Microinversor_2
620,Wilkne,2024-02-02,106272403916,4,2.385,Microinversor_2
621,Wilkne,2024-02-02,106272404964,1,0.013,Microinversor_3
622,Wilkne,2024-02-02,106272404964,2,2.162,Microinversor_3
623,Wilkne,2024-02-02,106272404964,3,2.125,Microinversor_3
624,Wilkne,2024-02-02,106272404964,4,2.154,Microinversor_3
625,Wilkne,2024-12-13,106272403152,1,2.361,Microinversor_1
626,Wilkne,2024-12-13,106272403152,2,2.369,Microinversor_1
627,Wilkne,2024-12-13,106272403152,3,2.362,Microinversor_1
628,Wilkne,2024-12-13,106272403152,4,2.398,Microinversor_1
629,Wilkne,2024-12-13,106272403916,1,2.378,Microinversor_2
630,Wilkne,2024-12-13,106272403916,2,2.383,Microinversor_2
631,Wilkne,2024-12-13,106272403916,3,2.344,Microinversor_2
632,Wilkne,2024-12-13,106272403916,4,2.407,Microinversor_2
633,Wilkne,2024-12-13,106272404964,1,0.012,Microinversor_3
634,Wilkne,2024-12-13,106272404964,2,2.139,Microinversor_3
635,Wilkne,2024-12-13,106272404964,3,2.078,Microinversor_3
636,Wilkne,2024-12-13,106272404964,4,2.121,Microinversor_3
637,Wilkne,2024-12-07,106272403152,1,1.715,Microinversor_1
638,Wilkne,2024-12-07,106272403152,2,1.697,Microinversor_1
639,Wilkne,2024-12-07,106272403152,3,1.688,Microinversor_1
640,Wilkne,2024-12-07,106272403152,4,1.721,Microinversor_1
641,Wilkne,2024-12-07,106272403916,1,1.687,Microinversor_2
642,Wilkne,2024-12-07,106272403916,2,1.696,Microinversor_2
643,Wilkne,2024-12-07,106272403916,3,1.68,Microinversor_2
644,Wilkne,2024-12-07,106272403916,4,1.729,Microinversor_2
645,Wilkne,2024-12-07,106272404964,1,0.012,Microinversor_3
646,Wilkne,2024-12-07,106272404964,2,1.698,Microinversor_3
647,Wilkne,2024-12-07,106272404964,3,1.663,Microinversor_3
648,Wilkne,2024-12-07,106272404964,4,1.674,Microinversor_3
649,Wilkne,2025-01-30,106272403152,1,2.325,Microinversor_1
650,Wilkne,2025-01-30,106272403152,2,2.323,Microinversor_1
651,Wilkne,2025-01-30,106272403152,3,2.315,Microinversor_1
652,Wilkne,2025-01-30,106272403152,4,2.347,Microinversor_1
653,Wilkne,2025-01-30,106272403916,1,2.305,Microinversor_2
654,Wilkne,2025-01-30,106272403916,2,2.311,Microinversor_2
655,Wilkne,2025-01-30,106272403916,3,2.271,Microinversor_2
656,Wilkne,2025-01-30,106272403916,4,2.346,Microinversor_2
657,Wilkne,2025-01-30,106272404964,1,0.013,Microinversor_3
658,Wilkne,2025-01-30,106272404964,2,2.106,Microinversor_3
659,Wilkne,2025-01-30,106272404964,3,2.075,Microinversor_3
660,Wilkne,2025-01-30,106272404964,4,2.11,Microinversor_3
661,Wilkne,2025-01-24,106272403152,1,2.283,Microinversor_1
662,Wilkne,2025-01-24,106272403152,2,2.29,Microinversor_1
663,Wilkne,2025-01-24,106272403152,3,2.289,Microinversor_1
664,Wilkne,2025-01-24,106272403152,4,2.321,Microinversor_1
665,Wilkne,2025-01-24,106272403916,1,2.28,Microinversor_2
666,Wilkne,2025-01-24,106272403916,2,2.286,Microinversor_2
667,Wilkne,2025-01-24,106272403916,3,2.245,Microinversor_2
668,Wilkne,2025-01-24,106272403916,4,2.303,Microinversor_2
669,Wilkne,2025-01-24,106272404964,1,0.013,Microinversor_3
670,Wilkne,2025-01-24,106272404964,2,2.192,Microinversor_3
671,Wilkne,2025-01-24,106272404964,3,2.145,Microinversor_3
672,Wilkne,2025-01-24,106272404964,4,2.189,Microinversor_3
673,Wilkne,2025-01-18,106272403152,1,1.522,Microinversor_1
674,Wilkne,2025-01-18,106272403152,2,1.525,Microinversor_1
675,Wilkne,2025-01-18,106272403152,3,1.523,Microinversor_1
676,Wilkne,2025-01-18,106272403152,4,1.536,Microinversor_1
677,Wilkne,2025-01-18,106272403916,1,1.531,Microinversor_2
678,Wilkne,2025-01-18,106272403916,2,1.525,Microinversor_2
679,Wilkne,2025-01-18,106272403916,3,1.508,Microinversor_2
680,Wilkne,2025-01-18,106272403916,4,1.544,Microinversor_2
681,Wilkne,2025-01-18,106272404964,1,0.011,Microinversor_3
682,Wilkne,2025-01-18,106272404964,2,1.487,Microinversor_3
683,Wilkne,2025-01-18,106272404964,3,1.471,Microinversor_3
684,Wilkne,2025-01-18,106272404964,4,1.485,Microinversor_3
685,Wilkne,2025-01-19,106272403152,1,1.938,Microinversor_1
686,Wilkne,2025-01-19,106272403152,2,1.938,Microinversor_1
687,Wilkne,2025-01-19,106272403152,3,1.939,Microinversor_1
688,Wilkne,2025-01-19,106272403152,4,1.95,Microinversor_1
689,Wilkne,2025-01-19,106272403916,1,1.943,Microinversor_2
690,Wilkne,2025-01-19,106272403916,2,1.934,Microinversor_2
691,Wilkne,2025-01-19,106272403916,3,1.909,Microinversor_2
692,Wilkne,2025-01-19,106272403916,4,1.961,Microinversor_2
693,Wilkne,2025-01-19,106272404964,1,0.011,Microinversor_3
694,Wilkne,2025-01-19,106272404964,2,1.88,Microinversor_3
695,Wilkne,2025-01-19,106272404964,3,1.829,Microinversor_3
696,Wilkne,2025-01-19,106272404964,4,1.855,Microinversor_3
697,Wilkne,2025-01-25,106272403152,1,2.335,Microinversor_1
698,Wilkne,2025-01-25,106272403152,2,2.335,Microinversor_1
699,Wilkne,2025-01-25,106272403152,3,2.333,Microinversor_1
700,Wilkne,2025-01-25,106272403152,4,2.353,Microinversor_1
701,Wilkne,2025-01-25,106272403916,1,2.345,Microinversor_2
702,Wilkne,2025-01-25,106272403916,2,2.337,Microinversor_2
703,Wilkne,2025-01-25,106272403916,3,2.307,Microinversor_2
704,Wilkne,2025-01-25,106272403916,4,2.37,Microinversor_2
705,Wilkne,2025-01-25,106272404964,1,0.013,Microinversor_3
706,Wilkne,2025-01-25,106272404964,2,2.153,Microinversor_3
707,Wilkne,2025-01-25,106272404964,3,2.123,Microinversor_3
708,Wilkne,2025-01-25,106272404964,4,2.157,Microinversor_3
709,Wilkne,2025-01-31,106272403152,1,2.467,Microinversor_1
710,Wilkne,2025-01-31,106272403152,2,2.472,Microinversor_1
711,Wilkne,2025-01-31,106272403152,3,2.484,Microinversor_1
712,Wilkne,2025-01-31,106272403152,4,2.516,Microinversor_1
713,Wilkne,2025-01-31,106272403916,1,2.477,Microinversor_2
714,Wilkne,2025-01-31,106272403916,2,2.479,Microinversor_2
715,Wilkne,2025-01-31,106272403916,3,2.433,Microinversor_2
716,Wilkne,2025-01-31,106272403916,4,2.493,Microinversor_2
717,Wilkne,2025-01-31,106272404964,1,0.014,Microinversor_3
718,Wilkne,2025-01-31,106272404964,2,2.391,Microinversor_3
719,Wilkne,2025-01-31,106272404964,3,2.353,Microinversor_3
720,Wilkne,2025-01-31,106272404964,4,2.402,Microinversor_3
721,Wilkne,2024-12-06,106272403152,1,0.864,Microinversor_1
722,Wilkne,2024-12-06,106272403152,2,0.858,Microinversor_1
723,Wilkne,2024-12-06,106272403152,3,0.848,Microinversor_1
724,Wilkne,2024-12-06,106272403152,4,0.866,Microinversor_1
725,Wilkne,2024-12-06,106272403916,1,0.843,Microinversor_2
726,Wilkne,2024-12-06,106272403916,2,0.85,Microinversor_2
727,Wilkne,2024-12-06,106272403916,3,0.841,Microinversor_2
728,Wilkne,2024-12-06,106272403916,4,0.868,Microinversor_2
729,Wilkne,2024-12-06,106272404964,1,0.011,Microinversor_3
730,Wilkne,2024-12-06,106272404964,2,0.87,Microinversor_3
731,Wilkne,2024-12-06,106272404964,3,0.87,Microinversor_3
732,Wilkne,2024-12-06,106272404964,4,0.864,Microinversor_3
733,Wilkne,2024-12-12,106272403152,1,2.295,Microinversor_1
734,Wilkne,2024-12-12,106272403152,2,2.308,Microinversor_1
735,Wilkne,2024-12-12,106272403152,3,2.303,Microinversor_1
736,Wilkne,2024-12-12,106272403152,4,2.337,Microinversor_1
737,Wilkne,2024-12-12,106272403916,1,2.319,Microinversor_2
738,Wilkne,2024-12-12,106272403916,2,2.321,Microinversor_2
739,Wilkne,2024-12-12,106272403916,3,2.285,Microinversor_2
740,Wilkne,2024-12-12,106272403916,4,2.341,Microinversor_2
741,Wilkne,2024-12-12,106272404964,1,0.013,Microinversor_3
742,Wilkne,2024-12-12,106272404964,2,2.141,Microinversor_3
743,Wilkne,2024-12-12,106272404964,3,2.095,Microinversor_3
744,Wilkne,2024-12-12,106272404964,4,2.137,Microinversor_3
745,Wilkne,2025-03-08,106272403152,1,2.293,Microinversor_1
746,Wilkne,2025-03-08,106272403152,2,2.279,Microinversor_1
747,Wilkne,2025-03-08,106272403152,3,2.274,Microinversor_1
748,Wilkne,2025-03-08,106272403152,4,2.289,Microinversor_1
749,Wilkne,2025-03-08,106272403916,1,2.294,Microinversor_2
750,Wilkne,2025-03-08,106272403916,2,2.28,Microinversor_2
751,Wilkne,2025-03-08,106272403916,3,2.26,Microinversor_2
752,Wilkne,2025-03-08,106272403916,4,2.327,Microinversor_2
753,Wilkne,2025-03-08,106272404964,1,0.0,Microinversor_3
754,Wilkne,2025-03-08,106272404964,2,0.0,Microinversor_3
755,Wilkne,2025-03-08,106272404964,3,0.0,Microinversor_3
756,Wilkne,2025-03-08,106272404964,4,0.0,Microinversor_3
757,Wilkne,2024-02-03,106272403152,1,1.864,Microinversor_1
758,Wilkne,2024-02-03,106272403152,2,1.868,Microinversor_1
759,Wilkne,2024-02-03,106272403152,3,1.868,Microinversor_1
760,Wilkne,2024-02-03,106272403152,4,1.889,Microinversor_1
761,Wilkne,2024-02-03,106272403916,1,1.882,Microinversor_2
762,Wilkne,2024-02-03,106272403916,2,1.881,Microinversor_2
763,Wilkne,2024-02-03,106272403916,3,1.855,Microinversor_2
764,Wilkne,2024-02-03,106272403916,4,1.897,Microinversor_2
765,Wilkne,2024-02-03,106272404964,1,0.012,Microinversor_3
766,Wilkne,2024-02-03,106272404964,2,1.768,Microinversor_3
767,Wilkne,2024-02-03,106272404964,3,1.751,Microinversor_3
768,Wilkne,2024-02-03,106272404964,4,1.775,Microinversor_3
769,Wilkne,2024-02-01,106272403152,1,2.402,Microinversor_1
770,Wilkne,2024-02-01,106272403152,2,2.408,Microinversor_1
771,Wilkne,2024-02-01,106272403152,3,2.413,Microinversor_1
772,Wilkne,2024-02-01,106272403152,4,2.455,Microinversor_1
773,Wilkne,2024-02-01,106272403916,1,2.435,Microinversor_2
774,Wilkne,2024-02-01,106272403916,2,2.439,Microinversor_2
775,Wilkne,2024-02-01,106272403916,3,2.391,Microinversor_2
776,Wilkne,2024-02-01,106272403916,4,2.451,Microinversor_2
777,Wilkne,2024-02-01,106272404964,1,0.013,Microinversor_3
778,Wilkne,2024-02-01,106272404964,2,2.401,Microinversor_3
779,Wilkne,2024-02-01,106272404964,3,2.329,Microinversor_3
780,Wilkne,2024-02-01,106272404964,4,2.384,Microinversor_3
781,Wilkne,2024-12-04,106272403152,1,1.12,Microinversor_1
782,Wilkne,2024-12-04,106272403152,2,1.11,Microinversor_1
783,Wilkne,2024-12-04,106272403152,3,1.103,Microinversor_1
784,Wilkne,2024-12-04,106272403152,4,1.127,Microinversor_1
785,Wilkne,2024-12-04,106272403916,1,1.101,Microinversor_2
786,Wilkne,2024-12-04,106272403916,2,1.107,Microinversor_2
787,Wilkne,2024-12-04,106272403916,3,1.092,Microinversor_2
788,Wilkne,2024-12-04,106272403916,4,1.127,Microinversor_2
789,Wilkne,2024-12-04,106272404964,1,0.011,Microinversor_3
790,Wilkne,2024-12-04,106272404964,2,1.249,Microinversor_3
791,Wilkne,2024-12-04,106272404964,3,1.232,Microinversor_3
792,Wilkne,2024-12-04,106272404964,4,1.235,Microinversor_3
793,Wilkne,2024-12-10,106272403152,1,2.15,Microinversor_1
794,Wilkne,2024-12-10,106272403152,2,2.161,Microinversor_1
795,Wilkne,2024-12-10,106272403152,3,2.157,Microinversor_1
796,Wilkne,2024-12-10,106272403152,4,2.182,Microinversor_1
797,Wilkne,2024-12-10,106272403916,1,2.168,Microinversor_2
798,Wilkne,2024-12-10,106272403916,2,2.17,Microinversor_2
799,Wilkne,2024-12-10,106272403916,3,2.14,Microinversor_2
800,Wilkne,2024-12-10,106272403916,4,2.189,Microinversor_2
801,Wilkne,2024-12-10,106272404964,1,0.012,Microinversor_3
802,Wilkne,2024-12-10,106272404964,2,1.949,Microinversor_3
803,Wilkne,2024-12-10,106272404964,3,1.92,Microinversor_3
804,Wilkne,2024-12-10,106272404964,4,1.95,Microinversor_3
805,Wilkne,2025-01-27,106272403152,1,2.404,Microinversor_1
806,Wilkne,2025-01-27,106272403152,2,2.41,Microinversor_1
807,Wilkne,2025-01-27,106272403152,3,2.409,Microinversor_1
808,Wilkne,2025-01-27,106272403152,4,2.439,Microinversor_1
809,Wilkne,2025-01-27,106272403916,1,2.403,Microinversor_2
810,Wilkne,2025-01-27,106272403916,2,2.406,Microinversor_2
811,Wilkne,2025-01-27,106272403916,3,2.364,Microinversor_2
812,Wilkne,2025-01-27,106272403916,4,2.431,Microinversor_2
813,Wilkne,2025-01-27,106272404964,1,0.013,Microinversor_3
814,Wilkne,2025-01-27,106272404964,2,2.287,Microinversor_3
815,Wilkne,2025-01-27,106272404964,3,2.231,Microinversor_3
816,Wilkne,2025-01-27,106272404964,4,2.275,Microinversor_3
817,Wilkne,2025-01-26,106272403152,1,1.298,Microinversor_1
818,Wilkne,2025-01-26,106272403152,2,1.302,Microinversor_1
819,Wilkne,2025-01-26,106272403152,3,1.298,Microinversor_1
820,Wilkne,2025-01-26,106272403152,4,1.309,Microinversor_1
821,Wilkne,2025-01-26,106272403916,1,1.306,Microinversor_2
822,Wilkne,2025-01-26,106272403916,2,1.302,Microinversor_2
823,Wilkne,2025-01-26,106272403916,3,1.289,Microinversor_2
824,Wilkne,2025-01-26,106272403916,4,1.318,Microinversor_2
825,Wilkne,2025-01-26,106272404964,1,0.011,Microinversor_3
826,Wilkne,2025-01-26,106272404964,2,1.207,Microinversor_3
827,Wilkne,2025-01-26,106272404964,3,1.209,Microinversor_3
828,Wilkne,2025-01-26,106272404964,4,1.217,Microinversor_3
829,Wilkne,2024-12-11,106272403152,1,2.473,Microinversor_1
830,Wilkne,2024-12-11,106272403152,2,2.485,Microinversor_1
831,Wilkne,2024-12-11,106272403152,3,2.486,Microinversor_1
832,Wilkne,2024-12-11,106272403152,4,2.507,Microinversor_1
833,Wilkne,2024-12-11,106272403916,1,2.494,Microinversor_2
834,Wilkne,2024-12-11,106272403916,2,2.483,Microinversor_2
835,Wilkne,2024-12-11,106272403916,3,2.452,Microinversor_2
836,Wilkne,2024-12-11,106272403916,4,2.51,Microinversor_2
837,Wilkne,2024-12-11,106272404964,1,0.012,Microinversor_3
838,Wilkne,2024-12-11,106272404964,2,2.332,Microinversor_3
839,Wilkne,2024-12-11,106272404964,3,2.291,Microinversor_3
840,Wilkne,2024-12-11,106272404964,4,2.329,Microinversor_3
841,Wilkne,2024-12-05,106272403152,1,1.393,Microinversor_1
842,Wilkne,2024-12-05,106272403152,2,1.382,Microinversor_1
843,Wilkne,2024-12-05,106272403152,3,1.37,Microinversor_1
844,Wilkne,2024-12-05,106272403152,4,1.396,Microinversor_1
845,Wilkne,2024-12-05,106272403916,1,1.357,Microinversor_2
846,Wilkne,2024-12-05,106272403916,2,1.368,Microinversor_2
847,Wilkne,2024-12-05,106272403916,3,1.357,Microinversor_2
848,Wilkne,2024-12-05,106272403916,4,1.397,Microinversor_2
849,Wilkne,2024-12-05,106272404964,1,0.011,Microinversor_3
850,Wilkne,2024-12-05,106272404964,2,1.244,Microinversor_3
851,Wilkne,2024-12-05,106272404964,3,1.226,Microinversor_3
852,Wilkne,2024-12-05,106272404964,4,1.222,Microinversor_3
853,Wilkne,2025-03-06,106272403152,1,2.523,Microinversor_1
854,Wilkne,2025-03-06,106272403152,2,2.512,Microinversor_1
855,Wilkne,2025-03-06,106272403152,3,2.498,Microinversor_1
856,Wilkne,2025-03-06,106272403152,4,2.513,Microinversor_1
857,Wilkne,2025-03-06,106272403916,1,2.524,Microinversor_2
858,Wilkne,2025-03-06,106272403916,2,2.508,Microinversor_2
859,Wilkne,2025-03-06,106272403916,3,2.498,Microinversor_2
860,Wilkne,2025-03-06,106272403916,4,2.556,Microinversor_2
861,Wilkne,2025-03-06,106272404964,1,0.0,Microinversor_3
862,Wilkne,2025-03-06,106272404964,2,0.0,Microinversor_3
863,Wilkne,2025-03-06,106272404964,3,0.0,Microinversor_3
864,Wilkne,2025-03-06,106272404964,4,0.0,Microinversor_3
865,Wilkne,2024-12-08,106272403152,1,1.634,Microinversor_1
866,Wilkne,2024-12-08,106272403152,2,1.618,Microinversor_1
867,Wilkne,2024-12-08,106272403152,3,1.605,Microinversor_1
868,Wilkne,2024-12-08,106272403152,4,1.632,Microinversor_1
869,Wilkne,2024-12-08,106272403916,1,1.595,Microinversor_2
870,Wilkne,2024-12-08,106272403916,2,1.602,Microinversor_2
871,Wilkne,2024-12-08,106272403916,3,1.593,Microinversor_2
872,Wilkne,2024-12-08,106272403916,4,1.64,Microinversor_2
873,Wilkne,2024-12-08,106272404964,1,0.012,Microinversor_3
874,Wilkne,2024-12-08,106272404964,2,1.498,Microinversor_3
875,Wilkne,2024-12-08,106272404964,3,1.473,Microinversor_3
876,Wilkne,2024-12-08,106272404964,4,1.477,Microinversor_3
877,Wilkne,2024-12-20,106272403152,1,2.002,Microinversor_1
878,Wilkne,2024-12-20,106272403152,2,2.014,Microinversor_1
879,Wilkne,2024-12-20,106272403152,3,2.011,Microinversor_1
880,Wilkne,2024-12-20,106272403152,4,2.029,Microinversor_1
881,Wilkne,2024-12-20,106272403916,1,2.021,Microinversor_2
882,Wilkne,2024-12-20,106272403916,2,2.019,Microinversor_2
883,Wilkne,2024-12-20,106272403916,3,1.991,Microinversor_2
884,Wilkne,2024-12-20,106272403916,4,2.032,Microinversor_2
885,Wilkne,2024-12-20,106272404964,1,0.012,Microinversor_3
886,Wilkne,2024-12-20,106272404964,2,1.912,Microinversor_3
887,Wilkne,2024-12-20,106272404964,3,1.88,Microinversor_3
888,Wilkne,2024-12-20,106272404964,4,1.906,Microinversor_3
889,Wilkne,2025-01-03,106272403152,1,2.126,Microinversor_1
890,Wilkne,2025-01-03,106272403152,2,2.123,Microinversor_1
891,Wilkne,2025-01-03,106272403152,3,2.119,Microinversor_1
892,Wilkne,2025-01-03,106272403152,4,2.139,Microinversor_1
893,Wilkne,2025-01-03,106272403916,1,2.115,Microinversor_2
894,Wilkne,2025-01-03,106272403916,2,2.109,Microinversor_2
895,Wilkne,2025-01-03,106272403916,3,2.081,Microinversor_2
896,Wilkne,2025-01-03,106272403916,4,2.144,Microinversor_2
897,Wilkne,2025-01-03,106272404964,1,0.013,Microinversor_3
898,Wilkne,2025-01-03,106272404964,2,1.897,Microinversor_3
899,Wilkne,2025-01-03,106272404964,3,1.873,Microinversor_3
900,Wilkne,2025-01-03,106272404964,4,1.899,Microinversor_3
901,Wilkne,2025-01-17,106272403152,1,2.32,Microinversor_1
902,Wilkne,2025-01-17,106272403152,2,2.318,Microinversor_1
903,Wilkne,2025-01-17,106272403152,3,2.314,Microinversor_1
904,Wilkne,2025-01-17,106272403152,4,2.346,Microinversor_1
905,Wilkne,2025-01-17,106272403916,1,2.294,Microinversor_2
906,Wilkne,2025-01-17,106272403916,2,2.299,Microinversor_2
907,Wilkne,2025-01-17,106272403916,3,2.254,Microinversor_2
908,Wilkne,2025-01-17,106272403916,4,2.333,Microinversor_2
909,Wilkne,2025-01-17,106272404964,1,0.014,Microinversor_3
910,Wilkne,2025-01-17,106272404964,2,2.194,Microinversor_3
911,Wilkne,2025-01-17,106272404964,3,2.148,Microinversor_3
912,Wilkne,2025-01-17,106272404964,4,2.183,Microinversor_3
913,Wilkne,2025-01-16,106272403152,1,1.961,Microinversor_1
914,Wilkne,2025-01-16,106272403152,2,1.965,Microinversor_1
915,Wilkne,2025-01-16,106272403152,3,1.968,Microinversor_1
916,Wilkne,2025-01-16,106272403152,4,1.985,Microinversor_1
917,Wilkne,2025-01-16,106272403916,1,1.959,Microinversor_2
918,Wilkne,2025-01-16,106272403916,2,1.952,Microinversor_2
919,Wilkne,2025-01-16,106272403916,3,1.923,Microinversor_2
920,Wilkne,2025-01-16,106272403916,4,1.975,Microinversor_2
921,Wilkne,2025-01-16,106272404964,1,0.012,Microinversor_3
922,Wilkne,2025-01-16,106272404964,2,1.938,Microinversor_3
923,Wilkne,2025-01-16,106272404964,3,1.918,Microinversor_3
924,Wilkne,2025-01-16,106272404964,4,1.94,Microinversor_3
925,Wilkne,2025-01-02,106272403152,1,2.061,Microinversor_1
926,Wilkne,2025-01-02,106272403152,2,2.066,Microinversor_1
927,Wilkne,2025-01-02,106272403152,3,2.065,Microinversor_1
928,Wilkne,2025-01-02,106272403152,4,2.087,Microinversor_1
929,Wilkne,2025-01-02,106272403916,1,2.078,Microinversor_2
930,Wilkne,2025-01-02,106272403916,2,2.073,Microinversor_2
931,Wilkne,2025-01-02,106272403916,3,2.047,Microinversor_2
932,Wilkne,2025-01-02,106272403916,4,2.091,Microinversor_2
933,Wilkne,2025-01-02,106272404964,1,0.012,Microinversor_3
934,Wilkne,2025-01-02,106272404964,2,1.848,Microinversor_3
935,Wilkne,2025-01-02,106272404964,3,1.829,Microinversor_3
936,Wilkne,2025-01-02,106272404964,4,1.85,Microinversor_3
937,Wilkne,2024-12-21,106272403152,1,1.869,Microinversor_1
938,Wilkne,2024-12-21,106272403152,2,1.878,Microinversor_1
939,Wilkne,2024-12-21,106272403152,3,1.873,Microinversor_1
940,Wilkne,2024-12-21,106272403152,4,1.888,Microinversor_1
941,Wilkne,2024-12-21,106272403916,1,1.882,Microinversor_2
942,Wilkne,2024-12-21,106272403916,2,1.878,Microinversor_2
943,Wilkne,2024-12-21,106272403916,3,1.855,Microinversor_2
944,Wilkne,2024-12-21,106272403916,4,1.895,Microinversor_2
945,Wilkne,2024-12-21,106272404964,1,0.012,Microinversor_3
946,Wilkne,2024-12-21,106272404964,2,1.705,Microinversor_3
947,Wilkne,2024-12-21,106272404964,3,1.69,Microinversor_3
948,Wilkne,2024-12-21,106272404964,4,1.708,Microinversor_3
949,Wilkne,2024-12-09,106272403152,1,1.881,Microinversor_1
950,Wilkne,2024-12-09,106272403152,2,1.884,Microinversor_1
951,Wilkne,2024-12-09,106272403152,3,1.883,Microinversor_1
952,Wilkne,2024-12-09,106272403152,4,1.898,Microinversor_1
953,Wilkne,2024-12-09,106272403916,1,1.861,Microinversor_2
954,Wilkne,2024-12-09,106272403916,2,1.857,Microinversor_2
955,Wilkne,2024-12-09,106272403916,3,1.828,Microinversor_2
956,Wilkne,2024-12-09,106272403916,4,1.885,Microinversor_2
957,Wilkne,2024-12-09,106272404964,1,0.012,Microinversor_3
958,Wilkne,2024-12-09,106272404964,2,1.767,Microinversor_3
959,Wilkne,2024-12-09,106272404964,3,1.743,Microinversor_3
960,Wilkne,2024-12-09,106272404964,4,1.771,Microinversor_3
961,Wilkne,2025-03-07,106272403152,1,2.349,Microinversor_1
962,Wilkne,2025-03-07,106272403152,2,2.254,Microinversor_1
963,Wilkne,2025-03-07,106272403152,3,2.295,Microinversor_1
964,Wilkne,2025-03-07,106272403152,4,2.333,Microinversor_1
965,Wilkne,2025-03-07,106272403916,1,2.348,Microinversor_2
966,Wilkne,2025-03-07,106272403916,2,2.329,Microinversor_2
967,Wilkne,2025-03-07,106272403916,3,2.314,Microinversor_2
968,Wilkne,2025-03-07,106272403916,4,2.386,Microinversor_2
969,Wilkne,2025-03-07,106272404964,1,0.0,Microinversor_3
970,Wilkne,2025-03-07,106272404964,2,0.0,Microinversor_3
971,Wilkne,2025-03-07,106272404964,3,0.0,Microinversor_3
972,Wilkne,2025-03-07,106272404964,4,0.0,Microinversor_3
973,Wilkne,2025-03-05,106272403152,1,2.715,Microinversor_1
974,Wilkne,2025-03-05,106272403152,2,2.701,Microinversor_1
975,Wilkne,2025-03-05,106272403152,3,2.689,Microinversor_1
976,Wilkne,2025-03-05,106272403152,4,2.706,Microinversor_1
977,Wilkne,2025-03-05,106272403916,1,2.719,Microinversor_2
978,Wilkne,2025-03-05,106272403916,2,2.7,Microinversor_2
979,Wilkne,2025-03-05,106272403916,3,2.686,Microinversor_2
980,Wilkne,2025-03-05,106272403916,4,2.754,Microinversor_2
981,Wilkne,2025-03-05,106272404964,1,0.0,Microinversor_3
982,Wilkne,2025-03-05,106272404964,2,0.0,Microinversor_3
983,Wilkne,2025-03-05,106272404964,3,0.0,Microinversor_3
984,Wilkne,2025-03-05,106272404964,4,0.0,Microinversor_3
985,Wilkne,2024-12-23,106272403152,1,2.535,Microinversor_1
986,Wilkne,2024-12-23,106272403152,2,2.537,Microinversor_1
987,Wilkne,2024-12-23,106272403152,3,2.541,Microinversor_1
988,Wilkne,2024-12-23,106272403152,4,2.56,Microinversor_1
989,Wilkne,2024-12-23,106272403916,1,2.563,Microinversor_2
990,Wilkne,2024-12-23,106272403916,2,2.55,Microinversor_2
991,Wilkne,2024-12-23,106272403916,3,2.517,Microinversor_2
992,Wilkne,2024-12-23,106272403916,4,2.571,Microinversor_2
993,Wilkne,2024-12-23,106272404964,1,0.013,Microinversor_3
994,Wilkne,2024-12-23,106272404964,2,2.276,Microinversor_3
995,Wilkne,2024-12-23,106272404964,3,2.247,Microinversor_3
996,Wilkne,2024-12-23,106272404964,4,2.275,Microinversor_3
997,Wilkne,2025-01-28,106272403152,1,2.366,Microinversor_1
998,Wilkne,2025-01-28,106272403152,2,2.362,Microinversor_1
999,Wilkne,2025-01-28,106272403152,3,2.364,Microinversor_1
1000,Wilkne,2025-01-28,106272403152,4,2.391,Microinversor_1
1001,Wilkne,2025-01-28,106272403916,1,2.315,Microinversor_2
1002,Wilkne,2025-01-28,106272403916,2,2.321,Microinversor_2
1003,Wilkne,2025-01-28,106272403916,3,2.268,Microinversor_2
1004,Wilkne,2025-01-28,106272403916,4,2.354,Microinversor_2
1005,Wilkne,2025-01-28,106272404964,1,0.013,Microinversor_3
1006,Wilkne,2025-01-28,106272404964,2,2.271,Microinversor_3
1007,Wilkne,2025-01-28,106272404964,3,2.227,Microinversor_3
1008,Wilkne,2025-01-28,106272404964,4,2.269,Microinversor_3
1009,Wilkne,2025-01-14,106272403152,1,1.761,Microinversor_1
1010,Wilkne,2025-01-14,106272403152,2,1.766,Microinversor_1
1011,Wilkne,2025-01-14,106272403152,3,1.761,Microinversor_1
1012,Wilkne,2025-01-14,106272403152,4,1.776,Microinversor_1
1013,Wilkne,2025-01-14,106272403916,1,1.768,Microinversor_2
1014,Wilkne,2025-01-14,106272403916,2,1.76,Microinversor_2
1015,Wilkne,2025-01-14,106272403916,3,1.744,Microinversor_2
1016,Wilkne,2025-01-14,106272403916,4,1.786,Microinversor_2
1017,Wilkne,2025-01-14,106272404964,1,0.011,Microinversor_3
1018,Wilkne,2025-01-14,106272404964,2,1.588,Microinversor_3
1019,Wilkne,2025-01-14,106272404964,3,1.57,Microinversor_3
1020,Wilkne,2025-01-14,106272404964,4,1.584,Microinversor_3
1021,Wilkne,2025-01-01,106272403152,1,2.072,Microinversor_1
1022,Wilkne,2025-01-01,106272403152,2,2.079,Microinversor_1
1023,Wilkne,2025-01-01,106272403152,3,2.081,Microinversor_1
1024,Wilkne,2025-01-01,106272403152,4,2.102,Microinversor_1
1025,Wilkne,2025-01-01,106272403916,1,2.095,Microinversor_2
1026,Wilkne,2025-01-01,106272403916,2,2.088,Microinversor_2
1027,Wilkne,2025-01-01,106272403916,3,2.062,Microinversor_2
1028,Wilkne,2025-01-01,106272403916,4,2.103,Microinversor_2
1029,Wilkne,2025-01-01,106272404964,1,0.012,Microinversor_3
1030,Wilkne,2025-01-01,106272404964,2,1.861,Microinversor_3
1031,Wilkne,2025-01-01,106272404964,3,1.841,Microinversor_3
1032,Wilkne,2025-01-01,106272404964,4,1.86,Microinversor_3
1033,Wilkne,2025-01-15,106272403152,1,1.402,Microinversor_1
1034,Wilkne,2025-01-15,106272403152,2,1.407,Microinversor_1
1035,Wilkne,2025-01-15,106272403152,3,1.406,Microinversor_1
1036,Wilkne,2025-01-15,106272403152,4,1.416,Microinversor_1
1037,Wilkne,2025-01-15,106272403916,1,1.408,Microinversor_2
1038,Wilkne,2025-01-15,106272403916,2,1.4,Microinversor_2
1039,Wilkne,2025-01-15,106272403916,3,1.387,Microinversor_2
1040,Wilkne,2025-01-15,106272403916,4,1.42,Microinversor_2
1041,Wilkne,2025-01-15,106272404964,1,0.011,Microinversor_3
1042,Wilkne,2025-01-15,106272404964,2,1.354,Microinversor_3
1043,Wilkne,2025-01-15,106272404964,3,1.356,Microinversor_3
1044,Wilkne,2025-01-15,106272404964,4,1.362,Microinversor_3
1045,Wilkne,2025-01-29,106272403152,1,2.223,Microinversor_1
1046,Wilkne,2025-01-29,106272403152,2,2.227,Microinversor_1
1047,Wilkne,2025-01-29,106272403152,3,2.226,Microinversor_1
1048,Wilkne,2025-01-29,106272403152,4,2.248,Microinversor_1
1049,Wilkne,2025-01-29,106272403916,1,2.228,Microinversor_2
1050,Wilkne,2025-01-29,106272403916,2,2.228,Microinversor_2
1051,Wilkne,2025-01-29,106272403916,3,2.193,Microinversor_2
1052,Wilkne,2025-01-29,106272403916,4,2.249,Microinversor_2
1053,Wilkne,2025-01-29,106272404964,1,0.013,Microinversor_3
1054,Wilkne,2025-01-29,106272404964,2,2.044,Microinversor_3
1055,Wilkne,2025-01-29,106272404964,3,2.002,Microinversor_3
1056,Wilkne,2025-01-29,106272404964,4,2.036,Microinversor_3
1057,Wilkne,2024-12-22,106272403152,1,2.074,Microinversor_1
1058,Wilkne,2024-12-22,106272403152,2,2.085,Microinversor_1
1059,Wilkne,2024-12-22,106272403152,3,2.079,Microinversor_1
1060,Wilkne,2024-12-22,106272403152,4,2.104,Microinversor_1
1061,Wilkne,2024-12-22,106272403916,1,2.09,Microinversor_2
1062,Wilkne,2024-12-22,106272403916,2,2.093,Microinversor_2
1063,Wilkne,2024-12-22,106272403916,3,2.062,Microinversor_2
1064,Wilkne,2024-12-22,106272403916,4,2.109,Microinversor_2
1065,Wilkne,2024-12-22,106272404964,1,0.012,Microinversor_3
1066,Wilkne,2024-12-22,106272404964,2,1.891,Microinversor_3
1067,Wilkne,2024-12-22,106272404964,3,1.857,Microinversor_3
1068,Wilkne,2024-12-22,106272404964,4,1.886,Microinversor_3
1069,Wilkne,2025-03-04,106272403152,1,1.817,Microinversor_1
1070,Wilkne,2025-03-04,106272403152,2,1.817,Microinversor_1
1071,Wilkne,2025-03-04,106272403152,3,1.809,Microinversor_1
1072,Wilkne,2025-03-04,106272403152,4,1.822,Microinversor_1
1073,Wilkne,2025-03-04,106272403916,1,1.822,Microinversor_2
1074,Wilkne,2025-03-04,106272403916,2,1.812,Microinversor_2
1075,Wilkne,2025-03-04,106272403916,3,1.8,Microinversor_2
1076,Wilkne,2025-03-04,106272403916,4,1.843,Microinversor_2
1077,Wilkne,2025-03-04,106272404964,1,0.0,Microinversor_3
1078,Wilkne,2025-03-04,106272404964,2,0.0,Microinversor_3
1079,Wilkne,2025-03-04,106272404964,3,0.0,Microinversor_3
1080,Wilkne,2025-03-04,106272404964,4,0.0,Microinversor_3
1081,Wilkne,2024-12-26,106272403152,1,2.435,Microinversor_1
1082,Wilkne,2024-12-26,106272403152,2,2.439,Microinversor_1
1083,Wilkne,2024-12-26,106272403152,3,2.438,Microinversor_1
1084,Wilkne,2024-12-26,106272403152,4,2.455,Microinversor_1
1085,Wilkne,2024-12-26,106272403916,1,2.447,Microinversor_2
1086,Wilkne,2024-12-26,106272403916,2,2.437,Microinversor_2
1087,Wilkne,2024-12-26,106272403916,3,2.411,Microinversor_2
1088,Wilkne,2024-12-26,106272403916,4,2.465,Microinversor_2
1089,Wilkne,2024-12-26,106272404964,1,0.013,Microinversor_3
1090,Wilkne,2024-12-26,106272404964,2,2.174,Microinversor_3
1091,Wilkne,2024-12-26,106272404964,3,2.137,Microinversor_3
1092,Wilkne,2024-12-26,106272404964,4,2.169,Microinversor_3
1093,Wilkne,2025-01-11,106272403152,1,2.119,Microinversor_1
1094,Wilkne,2025-01-11,106272403152,2,2.124,Microinversor_1
1095,Wilkne,2025-01-11,106272403152,3,2.128,Microinversor_1
1096,Wilkne,2025-01-11,106272403152,4,2.144,Microinversor_1
1097,Wilkne,2025-01-11,106272403916,1,2.138,Microinversor_2
1098,Wilkne,2025-01-11,106272403916,2,2.127,Microinversor_2
1099,Wilkne,2025-01-11,106272403916,3,2.103,Microinversor_2
1100,Wilkne,2025-01-11,106272403916,4,2.147,Microinversor_2
1101,Wilkne,2025-01-11,106272404964,1,0.012,Microinversor_3
1102,Wilkne,2025-01-11,106272404964,2,2.055,Microinversor_3
1103,Wilkne,2025-01-11,106272404964,3,2.033,Microinversor_3
1104,Wilkne,2025-01-11,106272404964,4,2.054,Microinversor_3
1105,Wilkne,2025-01-05,106272403152,1,1.946,Microinversor_1
1106,Wilkne,2025-01-05,106272403152,2,1.953,Microinversor_1
1107,Wilkne,2025-01-05,106272403152,3,1.954,Microinversor_1
1108,Wilkne,2025-01-05,106272403152,4,1.967,Microinversor_1
1109,Wilkne,2025-01-05,106272403916,1,1.965,Microinversor_2
1110,Wilkne,2025-01-05,106272403916,2,1.956,Microinversor_2
1111,Wilkne,2025-01-05,106272403916,3,1.935,Microinversor_2
1112,Wilkne,2025-01-05,106272403916,4,1.972,Microinversor_2
1113,Wilkne,2025-01-05,106272404964,1,0.012,Microinversor_3
1114,Wilkne,2025-01-05,106272404964,2,1.832,Microinversor_3
1115,Wilkne,2025-01-05,106272404964,3,1.817,Microinversor_3
1116,Wilkne,2025-01-05,106272404964,4,1.836,Microinversor_3
1117,Wilkne,2025-01-04,106272403152,1,2.043,Microinversor_1
1118,Wilkne,2025-01-04,106272403152,2,2.05,Microinversor_1
1119,Wilkne,2025-01-04,106272403152,3,2.05,Microinversor_1
1120,Wilkne,2025-01-04,106272403152,4,2.062,Microinversor_1
1121,Wilkne,2025-01-04,106272403916,1,2.059,Microinversor_2
1122,Wilkne,2025-01-04,106272403916,2,2.048,Microinversor_2
1123,Wilkne,2025-01-04,106272403916,3,2.028,Microinversor_2
1124,Wilkne,2025-01-04,106272403916,4,2.069,Microinversor_2
1125,Wilkne,2025-01-04,106272404964,1,0.012,Microinversor_3
1126,Wilkne,2025-01-04,106272404964,2,1.885,Microinversor_3
1127,Wilkne,2025-01-04,106272404964,3,1.86,Microinversor_3
1128,Wilkne,2025-01-04,106272404964,4,1.879,Microinversor_3
1129,Wilkne,2025-01-10,106272403152,1,1.723,Microinversor_1
1130,Wilkne,2025-01-10,106272403152,2,1.729,Microinversor_1
1131,Wilkne,2025-01-10,106272403152,3,1.728,Microinversor_1
1132,Wilkne,2025-01-10,106272403152,4,1.739,Microinversor_1
1133,Wilkne,2025-01-10,106272403916,1,1.735,Microinversor_2
1134,Wilkne,2025-01-10,106272403916,2,1.728,Microinversor_2
1135,Wilkne,2025-01-10,106272403916,3,1.71,Microinversor_2
1136,Wilkne,2025-01-10,106272403916,4,1.743,Microinversor_2
1137,Wilkne,2025-01-10,106272404964,1,0.012,Microinversor_3
1138,Wilkne,2025-01-10,106272404964,2,1.602,Microinversor_3
1139,Wilkne,2025-01-10,106272404964,3,1.595,Microinversor_3
1140,Wilkne,2025-01-10,106272404964,4,1.605,Microinversor_3
1141,Wilkne,2024-12-27,106272403152,1,2.082,Microinversor_1
1142,Wilkne,2024-12-27,106272403152,2,2.085,Microinversor_1
1143,Wilkne,2024-12-27,106272403152,3,2.088,Microinversor_1
1144,Wilkne,2024-12-27,106272403152,4,2.112,Microinversor_1
1145,Wilkne,2024-12-27,106272403916,1,2.105,Microinversor_2
1146,Wilkne,2024-12-27,106272403916,2,2.1,Microinversor_2
1147,Wilkne,2024-12-27,106272403916,3,2.07,Microinversor_2
1148,Wilkne,2024-12-27,106272403916,4,2.115,Microinversor_2
1149,Wilkne,2024-12-27,106272404964,1,0.012,Microinversor_3
1150,Wilkne,2024-12-27,106272404964,2,1.941,Microinversor_3
1151,Wilkne,2024-12-27,106272404964,3,1.92,Microinversor_3
1152,Wilkne,2024-12-27,106272404964,4,1.945,Microinversor_3
1153,Wilkne,2025-03-01,106272403152,1,1.97,Microinversor_1
1154,Wilkne,2025-03-01,106272403152,2,1.977,Microinversor_1
1155,Wilkne,2025-03-01,106272403152,3,1.969,Microinversor_1
1156,Wilkne,2025-03-01,106272403152,4,1.998,Microinversor_1
1157,Wilkne,2025-03-01,106272403916,1,1.987,Microinversor_2
1158,Wilkne,2025-03-01,106272403916,2,1.986,Microinversor_2
1159,Wilkne,2025-03-01,106272403916,3,1.959,Microinversor_2
1160,Wilkne,2025-03-01,106272403916,4,2.006,Microinversor_2
1161,Wilkne,2025-03-01,106272404964,1,0.0,Microinversor_3
1162,Wilkne,2025-03-01,106272404964,2,0.0,Microinversor_3
1163,Wilkne,2025-03-01,106272404964,3,0.0,Microinversor_3
1164,Wilkne,2025-03-01,106272404964,4,0.0,Microinversor_3
1165,Wilkne,2025-03-03,106272403152,1,2.169,Microinversor_1
1166,Wilkne,2025-03-03,106272403152,2,2.161,Microinversor_1
1167,Wilkne,2025-03-03,106272403152,3,2.16,Microinversor_1
1168,Wilkne,2025-03-03,106272403152,4,2.183,Microinversor_1
1169,Wilkne,2025-03-03,106272403916,1,2.183,Microinversor_2
1170,Wilkne,2025-03-03,106272403916,2,2.173,Microinversor_2
1171,Wilkne,2025-03-03,106272403916,3,2.147,Microinversor_2
1172,Wilkne,2025-03-03,106272403916,4,2.207,Microinversor_2
1173,Wilkne,2025-03-03,106272404964,1,0.0,Microinversor_3
1174,Wilkne,2025-03-03,106272404964,2,0.0,Microinversor_3
1175,Wilkne,2025-03-03,106272404964,3,0.0,Microinversor_3
1176,Wilkne,2025-03-03,106272404964,4,0.0,Microinversor_3
1177,Wilkne,2024-02-08,106272403152,1,2.391,Microinversor_1
1178,Wilkne,2024-02-08,106272403152,2,2.399,Microinversor_1
1179,Wilkne,2024-02-08,106272403152,3,2.403,Microinversor_1
1180,Wilkne,2024-02-08,106272403152,4,2.422,Microinversor_1
1181,Wilkne,2024-02-08,106272403916,1,2.416,Microinversor_2
1182,Wilkne,2024-02-08,106272403916,2,2.41,Microinversor_2
1183,Wilkne,2024-02-08,106272403916,3,2.381,Microinversor_2
1184,Wilkne,2024-02-08,106272403916,4,2.425,Microinversor_2
1185,Wilkne,2024-02-08,106272404964,1,0.012,Microinversor_3
1186,Wilkne,2024-02-08,106272404964,2,2.274,Microinversor_3
1187,Wilkne,2024-02-08,106272404964,3,2.242,Microinversor_3
1188,Wilkne,2024-02-08,106272404964,4,2.272,Microinversor_3
1189,Wilkne,2024-12-25,106272403152,1,2.374,Microinversor_1
1190,Wilkne,2024-12-25,106272403152,2,2.379,Microinversor_1
1191,Wilkne,2024-12-25,106272403152,3,2.383,Microinversor_1
1192,Wilkne,2024-12-25,106272403152,4,2.416,Microinversor_1
1193,Wilkne,2024-12-25,106272403916,1,2.394,Microinversor_2
1194,Wilkne,2024-12-25,106272403916,2,2.394,Microinversor_2
1195,Wilkne,2024-12-25,106272403916,3,2.354,Microinversor_2
1196,Wilkne,2024-12-25,106272403916,4,2.409,Microinversor_2
1197,Wilkne,2024-12-25,106272404964,1,0.013,Microinversor_3
1198,Wilkne,2024-12-25,106272404964,2,2.21,Microinversor_3
1199,Wilkne,2024-12-25,106272404964,3,2.179,Microinversor_3
1200,Wilkne,2024-12-25,106272404964,4,2.218,Microinversor_3
1201,Wilkne,2024-12-31,106272403152,1,2.351,Microinversor_1
1202,Wilkne,2024-12-31,106272403152,2,2.358,Microinversor_1
1203,Wilkne,2024-12-31,106272403152,3,2.359,Microinversor_1
1204,Wilkne,2024-12-31,106272403152,4,2.379,Microinversor_1
1205,Wilkne,2024-12-31,106272403916,1,2.372,Microinversor_2
1206,Wilkne,2024-12-31,106272403916,2,2.361,Microinversor_2
1207,Wilkne,2024-12-31,106272403916,3,2.335,Microinversor_2
1208,Wilkne,2024-12-31,106272403916,4,2.384,Microinversor_2
1209,Wilkne,2024-12-31,106272404964,1,0.012,Microinversor_3
1210,Wilkne,2024-12-31,106272404964,2,2.16,Microinversor_3
1211,Wilkne,2024-12-31,106272404964,3,2.129,Microinversor_3
1212,Wilkne,2024-12-31,106272404964,4,2.157,Microinversor_3
1213,Wilkne,2024-12-19,106272403152,1,2.332,Microinversor_1
1214,Wilkne,2024-12-19,106272403152,2,2.34,Microinversor_1
1215,Wilkne,2024-12-19,106272403152,3,2.341,Microinversor_1
1216,Wilkne,2024-12-19,106272403152,4,2.358,Microinversor_1
1217,Wilkne,2024-12-19,106272403916,1,2.355,Microinversor_2
1218,Wilkne,2024-12-19,106272403916,2,2.347,Microinversor_2
1219,Wilkne,2024-12-19,106272403916,3,2.315,Microinversor_2
1220,Wilkne,2024-12-19,106272403916,4,2.364,Microinversor_2
1221,Wilkne,2024-12-19,106272404964,1,0.012,Microinversor_3
1222,Wilkne,2024-12-19,106272404964,2,2.094,Microinversor_3
1223,Wilkne,2024-12-19,106272404964,3,2.067,Microinversor_3
1224,Wilkne,2024-12-19,106272404964,4,2.093,Microinversor_3
1225,Wilkne,2025-01-06,106272403152,1,1.671,Microinversor_1
1226,Wilkne,2025-01-06,106272403152,2,1.676,Microinversor_1
1227,Wilkne,2025-01-06,106272403152,3,1.674,Microinversor_1
1228,Wilkne,2025-01-06,106272403152,4,1.688,Microinversor_1
1229,Wilkne,2025-01-06,106272403916,1,1.682,Microinversor_2
1230,Wilkne,2025-01-06,106272403916,2,1.677,Microinversor_2
1231,Wilkne,2025-01-06,106272403916,3,1.659,Microinversor_2
1232,Wilkne,2025-01-06,106272403916,4,1.693,Microinversor_2
1233,Wilkne,2025-01-06,106272404964,1,0.012,Microinversor_3
1234,Wilkne,2025-01-06,106272404964,2,1.535,Microinversor_3
1235,Wilkne,2025-01-06,106272404964,3,1.53,Microinversor_3
1236,Wilkne,2025-01-06,106272404964,4,1.541,Microinversor_3
1237,Wilkne,2025-01-12,106272403152,1,1.763,Microinversor_1
1238,Wilkne,2025-01-12,106272403152,2,1.771,Microinversor_1
1239,Wilkne,2025-01-12,106272403152,3,1.771,Microinversor_1
1240,Wilkne,2025-01-12,106272403152,4,1.782,Microinversor_1
1241,Wilkne,2025-01-12,106272403916,1,1.776,Microinversor_2
1242,Wilkne,2025-01-12,106272403916,2,1.767,Microinversor_2
1243,Wilkne,2025-01-12,106272403916,3,1.748,Microinversor_2
1244,Wilkne,2025-01-12,106272403916,4,1.787,Microinversor_2
1245,Wilkne,2025-01-12,106272404964,1,0.011,Microinversor_3
1246,Wilkne,2025-01-12,106272404964,2,1.717,Microinversor_3
1247,Wilkne,2025-01-12,106272404964,3,1.696,Microinversor_3
1248,Wilkne,2025-01-12,106272404964,4,1.709,Microinversor_3
1249,Wilkne,2025-01-13,106272403152,1,1.029,Microinversor_1
1250,Wilkne,2025-01-13,106272403152,2,1.037,Microinversor_1
1251,Wilkne,2025-01-13,106272403152,3,1.034,Microinversor_1
1252,Wilkne,2025-01-13,106272403152,4,1.04,Microinversor_1
1253,Wilkne,2025-01-13,106272403916,1,1.036,Microinversor_2
1254,Wilkne,2025-01-13,106272403916,2,1.032,Microinversor_2
1255,Wilkne,2025-01-13,106272403916,3,1.022,Microinversor_2
1256,Wilkne,2025-01-13,106272403916,4,1.043,Microinversor_2
1257,Wilkne,2025-01-13,106272404964,1,0.011,Microinversor_3
1258,Wilkne,2025-01-13,106272404964,2,0.972,Microinversor_3
1259,Wilkne,2025-01-13,106272404964,3,0.978,Microinversor_3
1260,Wilkne,2025-01-13,106272404964,4,0.979,Microinversor_3
1261,Wilkne,2025-01-07,106272403152,1,1.844,Microinversor_1
1262,Wilkne,2025-01-07,106272403152,2,1.849,Microinversor_1
1263,Wilkne,2025-01-07,106272403152,3,1.852,Microinversor_1
1264,Wilkne,2025-01-07,106272403152,4,1.867,Microinversor_1
1265,Wilkne,2025-01-07,106272403916,1,1.862,Microinversor_2
1266,Wilkne,2025-01-07,106272403916,2,1.856,Microinversor_2
1267,Wilkne,2025-01-07,106272403916,3,1.834,Microinversor_2
1268,Wilkne,2025-01-07,106272403916,4,1.871,Microinversor_2
1269,Wilkne,2025-01-07,106272404964,1,0.012,Microinversor_3
1270,Wilkne,2025-01-07,106272404964,2,1.731,Microinversor_3
1271,Wilkne,2025-01-07,106272404964,3,1.72,Microinversor_3
1272,Wilkne,2025-01-07,106272404964,4,1.737,Microinversor_3
1273,Wilkne,2024-12-18,106272403152,1,2.245,Microinversor_1
1274,Wilkne,2024-12-18,106272403152,2,2.255,Microinversor_1
1275,Wilkne,2024-12-18,106272403152,3,2.254,Microinversor_1
1276,Wilkne,2024-12-18,106272403152,4,2.274,Microinversor_1
1277,Wilkne,2024-12-18,106272403916,1,2.268,Microinversor_2
1278,Wilkne,2024-12-18,106272403916,2,2.262,Microinversor_2
1279,Wilkne,2024-12-18,106272403916,3,2.234,Microinversor_2
1280,Wilkne,2024-12-18,106272403916,4,2.278,Microinversor_2
1281,Wilkne,2024-12-18,106272404964,1,0.012,Microinversor_3
1282,Wilkne,2024-12-18,106272404964,2,2.01,Microinversor_3
1283,Wilkne,2024-12-18,106272404964,3,1.982,Microinversor_3
1284,Wilkne,2024-12-18,106272404964,4,2.008,Microinversor_3
1285,Wilkne,2024-12-30,106272403152,1,2.323,Microinversor_1
1286,Wilkne,2024-12-30,106272403152,2,2.334,Microinversor_1
1287,Wilkne,2024-12-30,106272403152,3,2.327,Microinversor_1
1288,Wilkne,2024-12-30,106272403152,4,2.359,Microinversor_1
1289,Wilkne,2024-12-30,106272403916,1,2.344,Microinversor_2
1290,Wilkne,2024-12-30,106272403916,2,2.346,Microinversor_2
1291,Wilkne,2024-12-30,106272403916,3,2.311,Microinversor_2
1292,Wilkne,2024-12-30,106272403916,4,2.362,Microinversor_2
1293,Wilkne,2024-12-30,106272404964,1,0.012,Microinversor_3
1294,Wilkne,2024-12-30,106272404964,2,2.123,Microinversor_3
1295,Wilkne,2024-12-30,106272404964,3,2.086,Microinversor_3
1296,Wilkne,2024-12-30,106272404964,4,2.118,Microinversor_3
1297,Wilkne,2024-12-24,106272403152,1,2.35,Microinversor_1
1298,Wilkne,2024-12-24,106272403152,2,2.357,Microinversor_1
1299,Wilkne,2024-12-24,106272403152,3,2.358,Microinversor_1
1300,Wilkne,2024-12-24,106272403152,4,2.378,Microinversor_1
1301,Wilkne,2024-12-24,106272403916,1,2.373,Microinversor_2
1302,Wilkne,2024-12-24,106272403916,2,2.365,Microinversor_2
1303,Wilkne,2024-12-24,106272403916,3,2.334,Microinversor_2
1304,Wilkne,2024-12-24,106272403916,4,2.386,Microinversor_2
1305,Wilkne,2024-12-24,106272404964,1,0.012,Microinversor_3
1306,Wilkne,2024-12-24,106272404964,2,2.142,Microinversor_3
1307,Wilkne,2024-12-24,106272404964,3,2.11,Microinversor_3
1308,Wilkne,2024-12-24,106272404964,4,2.139,Microinversor_3
1309,Wilkne,2024-02-09,106272403152,1,1.574,Microinversor_1
1310,Wilkne,2024-02-09,106272403152,2,1.581,Microinversor_1
1311,Wilkne,2024-02-09,106272403152,3,1.578,Microinversor_1
1312,Wilkne,2024-02-09,106272403152,4,1.59,Microinversor_1
1313,Wilkne,2024-02-09,106272403916,1,1.58,Microinversor_2
1314,Wilkne,2024-02-09,106272403916,2,1.576,Microinversor_2
1315,Wilkne,2024-02-09,106272403916,3,1.56,Microinversor_2
1316,Wilkne,2024-02-09,106272403916,4,1.59,Microinversor_2
1317,Wilkne,2024-02-09,106272404964,1,0.011,Microinversor_3
1318,Wilkne,2024-02-09,106272404964,2,1.415,Microinversor_3
1319,Wilkne,2024-02-09,106272404964,3,1.41,Microinversor_3
1320,Wilkne,2024-02-09,106272404964,4,1.416,Microinversor_3
1321,Wilkne,2025-03-02,106272403152,1,2.281,Microinversor_1
1322,Wilkne,2025-03-02,106272403152,2,2.281,Microinversor_1
1323,Wilkne,2025-03-02,106272403152,3,2.27,Microinversor_1
1324,Wilkne,2025-03-02,106272403152,4,2.305,Microinversor_1
1325,Wilkne,2025-03-02,106272403916,1,2.272,Microinversor_2
1326,Wilkne,2025-03-02,106272403916,2,2.276,Microinversor_2
1327,Wilkne,2025-03-02,106272403916,3,2.237,Microinversor_2
1328,Wilkne,2025-03-02,106272403916,4,2.309,Microinversor_2
1329,Wilkne,2025-03-02,106272404964,1,0.0,Microinversor_3
1330,Wilkne,2025-03-02,106272404964,2,0.0,Microinversor_3
1331,Wilkne,2025-03-02,106272404964,3,0.0,Microinversor_3
1332,Wilkne,2025-03-02,106272404964,4,0.0,Microinversor_3
1333,Wilkne,2024-01-03,106272403152,1,2.21,Microinversor_1
1334,Wilkne,2024-01-03,106272403152,2,2.219,Microinversor_1
1335,Wilkne,2024-01-03,106272403152,3,2.227,Microinversor_1
1336,Wilkne,2024-01-03,106272403152,4,2.252,Microinversor_1
1337,Wilkne,2024-01-03,106272403916,1,2.243,Microinversor_2
1338,Wilkne,2024-01-03,106272403916,2,2.238,Microinversor_2
1339,Wilkne,2024-01-03,106272403916,3,2.2,Microinversor_2
1340,Wilkne,2024-01-03,106272403916,4,2.251,Microinversor_2
1341,Wilkne,2024-01-03,106272404964,1,0.012,Microinversor_3
1342,Wilkne,2024-01-03,106272404964,2,2.122,Microinversor_3
1343,Wilkne,2024-01-03,106272404964,3,2.079,Microinversor_3
1344,Wilkne,2024-01-03,106272404964,4,2.106,Microinversor_3
1345,Wilkne,2024-01-17,106272403152,1,2.395,Microinversor_1
1346,Wilkne,2024-01-17,106272403152,2,2.401,Microinversor_1
1347,Wilkne,2024-01-17,106272403152,3,2.406,Microinversor_1
1348,Wilkne,2024-01-17,106272403152,4,2.435,Microinversor_1
1349,Wilkne,2024-01-17,106272403916,1,2.421,Microinversor_2
1350,Wilkne,2024-01-17,106272403916,2,2.424,Microinversor_2
1351,Wilkne,2024-01-17,106272403916,3,2.383,Microinversor_2
1352,Wilkne,2024-01-17,106272403916,4,2.435,Microinversor_2
1353,Wilkne,2024-01-17,106272404964,1,0.013,Microinversor_3
1354,Wilkne,2024-01-17,106272404964,2,2.253,Microinversor_3
1355,Wilkne,2024-01-17,106272404964,3,2.204,Microinversor_3
1356,Wilkne,2024-01-17,106272404964,4,2.24,Microinversor_3
1357,Wilkne,2025-02-25,106272403152,1,2.295,Microinversor_1
1358,Wilkne,2025-02-25,106272403152,2,2.289,Microinversor_1
1359,Wilkne,2025-02-25,106272403152,3,2.29,Microinversor_1
1360,Wilkne,2025-02-25,106272403152,4,2.314,Microinversor_1
1361,Wilkne,2025-02-25,106272403916,1,2.272,Microinversor_2
1362,Wilkne,2025-02-25,106272403916,2,2.266,Microinversor_2
1363,Wilkne,2025-02-25,106272403916,3,2.227,Microinversor_2
1364,Wilkne,2025-02-25,106272403916,4,2.308,Microinversor_2
1365,Wilkne,2025-02-25,106272404964,1,0.013,Microinversor_3
1366,Wilkne,2025-02-25,106272404964,2,2.227,Microinversor_3
1367,Wilkne,2025-02-25,106272404964,3,2.167,Microinversor_3
1368,Wilkne,2025-02-25,106272404964,4,2.209,Microinversor_3
1369,Wilkne,2025-02-19,106272403152,1,1.72,Microinversor_1
1370,Wilkne,2025-02-19,106272403152,2,1.727,Microinversor_1
1371,Wilkne,2025-02-19,106272403152,3,1.725,Microinversor_1
1372,Wilkne,2025-02-19,106272403152,4,1.742,Microinversor_1
1373,Wilkne,2025-02-19,106272403916,1,1.732,Microinversor_2
1374,Wilkne,2025-02-19,106272403916,2,1.725,Microinversor_2
1375,Wilkne,2025-02-19,106272403916,3,1.709,Microinversor_2
1376,Wilkne,2025-02-19,106272403916,4,1.74,Microinversor_2
1377,Wilkne,2025-02-19,106272404964,1,0.011,Microinversor_3
1378,Wilkne,2025-02-19,106272404964,2,1.677,Microinversor_3
1379,Wilkne,2025-02-19,106272404964,3,1.677,Microinversor_3
1380,Wilkne,2025-02-19,106272404964,4,1.687,Microinversor_3
1381,Wilkne,2025-02-18,106272403152,1,2.636,Microinversor_1
1382,Wilkne,2025-02-18,106272403152,2,2.62,Microinversor_1
1383,Wilkne,2025-02-18,106272403152,3,2.615,Microinversor_1
1384,Wilkne,2025-02-18,106272403152,4,2.647,Microinversor_1
1385,Wilkne,2025-02-18,106272403916,1,2.585,Microinversor_2
1386,Wilkne,2025-02-18,106272403916,2,2.584,Microinversor_2
1387,Wilkne,2025-02-18,106272403916,3,2.534,Microinversor_2
1388,Wilkne,2025-02-18,106272403916,4,2.639,Microinversor_2
1389,Wilkne,2025-02-18,106272404964,1,0.015,Microinversor_3
1390,Wilkne,2025-02-18,106272404964,2,2.57,Microinversor_3
1391,Wilkne,2025-02-18,106272404964,3,2.528,Microinversor_3
1392,Wilkne,2025-02-18,106272404964,4,2.584,Microinversor_3
1393,Wilkne,2025-02-24,106272403152,1,1.882,Microinversor_1
1394,Wilkne,2025-02-24,106272403152,2,1.876,Microinversor_1
1395,Wilkne,2025-02-24,106272403152,3,1.88,Microinversor_1
1396,Wilkne,2025-02-24,106272403152,4,1.898,Microinversor_1
1397,Wilkne,2025-02-24,106272403916,1,1.892,Microinversor_2
1398,Wilkne,2025-02-24,106272403916,2,1.882,Microinversor_2
1399,Wilkne,2025-02-24,106272403916,3,1.854,Microinversor_2
1400,Wilkne,2025-02-24,106272403916,4,1.913,Microinversor_2
1401,Wilkne,2025-02-24,106272404964,1,0.009,Microinversor_3
1402,Wilkne,2025-02-24,106272404964,2,1.246,Microinversor_3
1403,Wilkne,2025-02-24,106272404964,3,1.196,Microinversor_3
1404,Wilkne,2025-02-24,106272404964,4,1.221,Microinversor_3
1405,Wilkne,2024-01-16,106272403152,1,2.129,Microinversor_1
1406,Wilkne,2024-01-16,106272403152,2,2.133,Microinversor_1
1407,Wilkne,2024-01-16,106272403152,3,2.134,Microinversor_1
1408,Wilkne,2024-01-16,106272403152,4,2.158,Microinversor_1
1409,Wilkne,2024-01-16,106272403916,1,2.149,Microinversor_2
1410,Wilkne,2024-01-16,106272403916,2,2.151,Microinversor_2
1411,Wilkne,2024-01-16,106272403916,3,2.117,Microinversor_2
1412,Wilkne,2024-01-16,106272403916,4,2.167,Microinversor_2
1413,Wilkne,2024-01-16,106272404964,1,0.013,Microinversor_3
1414,Wilkne,2024-01-16,106272404964,2,2.0,Microinversor_3
1415,Wilkne,2024-01-16,106272404964,3,1.957,Microinversor_3
1416,Wilkne,2024-01-16,106272404964,4,1.985,Microinversor_3
1417,Wilkne,2024-01-02,106272403152,1,2.24,Microinversor_1
1418,Wilkne,2024-01-02,106272403152,2,2.239,Microinversor_1
1419,Wilkne,2024-01-02,106272403152,3,2.244,Microinversor_1
1420,Wilkne,2024-01-02,106272403152,4,2.269,Microinversor_1
1421,Wilkne,2024-01-02,106272403916,1,2.223,Microinversor_2
1422,Wilkne,2024-01-02,106272403916,2,2.227,Microinversor_2
1423,Wilkne,2024-01-02,106272403916,3,2.178,Microinversor_2
1424,Wilkne,2024-01-02,106272403916,4,2.252,Microinversor_2
1425,Wilkne,2024-01-02,106272404964,1,0.013,Microinversor_3
1426,Wilkne,2024-01-02,106272404964,2,2.187,Microinversor_3
1427,Wilkne,2024-01-02,106272404964,3,2.141,Microinversor_3
1428,Wilkne,2024-01-02,106272404964,4,2.175,Microinversor_3
1429,Wilkne,2024-01-14,106272403152,1,2.336,Microinversor_1
1430,Wilkne,2024-01-14,106272403152,2,2.349,Microinversor_1
1431,Wilkne,2024-01-14,106272403152,3,2.352,Microinversor_1
1432,Wilkne,2024-01-14,106272403152,4,2.382,Microinversor_1
1433,Wilkne,2024-01-14,106272403916,1,2.372,Microinversor_2
1434,Wilkne,2024-01-14,106272403916,2,2.377,Microinversor_2
1435,Wilkne,2024-01-14,106272403916,3,2.334,Microinversor_2
1436,Wilkne,2024-01-14,106272403916,4,2.378,Microinversor_2
1437,Wilkne,2024-01-14,106272404964,1,0.012,Microinversor_3
1438,Wilkne,2024-01-14,106272404964,2,2.253,Microinversor_3
1439,Wilkne,2024-01-14,106272404964,3,2.188,Microinversor_3
1440,Wilkne,2024-01-14,106272404964,4,2.223,Microinversor_3
1441,Wilkne,2024-01-28,106272403152,1,2.028,Microinversor_1
1442,Wilkne,2024-01-28,106272403152,2,2.037,Microinversor_1
1443,Wilkne,2024-01-28,106272403152,3,2.038,Microinversor_1
1444,Wilkne,2024-01-28,106272403152,4,2.07,Microinversor_1
1445,Wilkne,2024-01-28,106272403916,1,2.059,Microinversor_2
1446,Wilkne,2024-01-28,106272403916,2,2.059,Microinversor_2
1447,Wilkne,2024-01-28,106272403916,3,2.026,Microinversor_2
1448,Wilkne,2024-01-28,106272403916,4,2.07,Microinversor_2
1449,Wilkne,2024-01-28,106272404964,1,0.012,Microinversor_3
1450,Wilkne,2024-01-28,106272404964,2,1.969,Microinversor_3
1451,Wilkne,2024-01-28,106272404964,3,1.923,Microinversor_3
1452,Wilkne,2024-01-28,106272404964,4,1.956,Microinversor_3
1453,Wilkne,2025-02-26,106272403152,1,2.11,Microinversor_1
1454,Wilkne,2025-02-26,106272403152,2,2.102,Microinversor_1
1455,Wilkne,2025-02-26,106272403152,3,2.093,Microinversor_1
1456,Wilkne,2025-02-26,106272403152,4,2.117,Microinversor_1
1457,Wilkne,2025-02-26,106272403916,1,2.112,Microinversor_2
1458,Wilkne,2025-02-26,106272403916,2,2.108,Microinversor_2
1459,Wilkne,2025-02-26,106272403916,3,2.078,Microinversor_2
1460,Wilkne,2025-02-26,106272403916,4,2.15,Microinversor_2
1461,Wilkne,2025-02-26,106272404964,1,0.003,Microinversor_3
1462,Wilkne,2025-02-26,106272404964,2,0.177,Microinversor_3
1463,Wilkne,2025-02-26,106272404964,3,0.171,Microinversor_3
1464,Wilkne,2025-02-26,106272404964,4,0.17,Microinversor_3
1465,Wilkne,2025-02-27,106272403152,1,1.889,Microinversor_1
1466,Wilkne,2025-02-27,106272403152,2,1.879,Microinversor_1
1467,Wilkne,2025-02-27,106272403152,3,1.88,Microinversor_1
1468,Wilkne,2025-02-27,106272403152,4,1.893,Microinversor_1
1469,Wilkne,2025-02-27,106272403916,1,1.898,Microinversor_2
1470,Wilkne,2025-02-27,106272403916,2,1.885,Microinversor_2
1471,Wilkne,2025-02-27,106272403916,3,1.866,Microinversor_2
1472,Wilkne,2025-02-27,106272403916,4,1.921,Microinversor_2
1473,Wilkne,2025-02-27,106272404964,1,0.004,Microinversor_3
1474,Wilkne,2025-02-27,106272404964,2,0.68,Microinversor_3
1475,Wilkne,2025-02-27,106272404964,3,0.675,Microinversor_3
1476,Wilkne,2025-02-27,106272404964,4,0.683,Microinversor_3
1477,Wilkne,2024-01-29,106272403152,1,2.44,Microinversor_1
1478,Wilkne,2024-01-29,106272403152,2,2.449,Microinversor_1
1479,Wilkne,2024-01-29,106272403152,3,2.448,Microinversor_1
1480,Wilkne,2024-01-29,106272403152,4,2.487,Microinversor_1
1481,Wilkne,2024-01-29,106272403916,1,2.471,Microinversor_2
1482,Wilkne,2024-01-29,106272403916,2,2.475,Microinversor_2
1483,Wilkne,2024-01-29,106272403916,3,2.435,Microinversor_2
1484,Wilkne,2024-01-29,106272403916,4,2.49,Microinversor_2
1485,Wilkne,2024-01-29,106272404964,1,0.013,Microinversor_3
1486,Wilkne,2024-01-29,106272404964,2,2.367,Microinversor_3
1487,Wilkne,2024-01-29,106272404964,3,2.321,Microinversor_3
1488,Wilkne,2024-01-29,106272404964,4,2.365,Microinversor_3
1489,Wilkne,2024-01-01,106272403152,1,0.825,Microinversor_1
1490,Wilkne,2024-01-01,106272403152,2,0.83,Microinversor_1
1491,Wilkne,2024-01-01,106272403152,3,0.829,Microinversor_1
1492,Wilkne,2024-01-01,106272403152,4,0.837,Microinversor_1
1493,Wilkne,2024-01-01,106272403916,1,0.835,Microinversor_2
1494,Wilkne,2024-01-01,106272403916,2,0.832,Microinversor_2
1495,Wilkne,2024-01-01,106272403916,3,0.821,Microinversor_2
1496,Wilkne,2024-01-01,106272403916,4,0.838,Microinversor_2
1497,Wilkne,2024-01-01,106272404964,1,0.01,Microinversor_3
1498,Wilkne,2024-01-01,106272404964,2,0.84,Microinversor_3
1499,Wilkne,2024-01-01,106272404964,3,0.852,Microinversor_3
1500,Wilkne,2024-01-01,106272404964,4,0.848,Microinversor_3
1501,Wilkne,2024-01-15,106272403152,1,2.488,Microinversor_1
1502,Wilkne,2024-01-15,106272403152,2,2.499,Microinversor_1
1503,Wilkne,2024-01-15,106272403152,3,2.501,Microinversor_1
1504,Wilkne,2024-01-15,106272403152,4,2.535,Microinversor_1
1505,Wilkne,2024-01-15,106272403916,1,2.52,Microinversor_2
1506,Wilkne,2024-01-15,106272403916,2,2.525,Microinversor_2
1507,Wilkne,2024-01-15,106272403916,3,2.483,Microinversor_2
1508,Wilkne,2024-01-15,106272403916,4,2.537,Microinversor_2
1509,Wilkne,2024-01-15,106272404964,1,0.013,Microinversor_3
1510,Wilkne,2024-01-15,106272404964,2,2.31,Microinversor_3
1511,Wilkne,2024-01-15,106272404964,3,2.256,Microinversor_3
1512,Wilkne,2024-01-15,106272404964,4,2.296,Microinversor_3
1513,Wilkne,2024-01-11,106272403152,1,2.086,Microinversor_1
1514,Wilkne,2024-01-11,106272403152,2,2.089,Microinversor_1
1515,Wilkne,2024-01-11,106272403152,3,2.1,Microinversor_1
1516,Wilkne,2024-01-11,106272403152,4,2.13,Microinversor_1
1517,Wilkne,2024-01-11,106272403916,1,2.119,Microinversor_2
1518,Wilkne,2024-01-11,106272403916,2,2.116,Microinversor_2
1519,Wilkne,2024-01-11,106272403916,3,2.079,Microinversor_2
1520,Wilkne,2024-01-11,106272403916,4,2.127,Microinversor_2
1521,Wilkne,2024-01-11,106272404964,1,0.013,Microinversor_3
1522,Wilkne,2024-01-11,106272404964,2,2.097,Microinversor_3
1523,Wilkne,2024-01-11,106272404964,3,2.057,Microinversor_3
1524,Wilkne,2024-01-11,106272404964,4,2.096,Microinversor_3
1525,Wilkne,2024-01-05,106272403152,1,2.35,Microinversor_1
1526,Wilkne,2024-01-05,106272403152,2,2.358,Microinversor_1
1527,Wilkne,2024-01-05,106272403152,3,2.357,Microinversor_1
1528,Wilkne,2024-01-05,106272403152,4,2.388,Microinversor_1
1529,Wilkne,2024-01-05,106272403916,1,2.364,Microinversor_2
1530,Wilkne,2024-01-05,106272403916,2,2.373,Microinversor_2
1531,Wilkne,2024-01-05,106272403916,3,2.328,Microinversor_2
1532,Wilkne,2024-01-05,106272403916,4,2.388,Microinversor_2
1533,Wilkne,2024-01-05,106272404964,1,0.013,Microinversor_3
1534,Wilkne,2024-01-05,106272404964,2,2.17,Microinversor_3
1535,Wilkne,2024-01-05,106272404964,3,2.121,Microinversor_3
1536,Wilkne,2024-01-05,106272404964,4,2.162,Microinversor_3
1537,Wilkne,2025-02-23,106272403152,1,1.945,Microinversor_1
1538,Wilkne,2025-02-23,106272403152,2,1.94,Microinversor_1
1539,Wilkne,2025-02-23,106272403152,3,1.94,Microinversor_1
1540,Wilkne,2025-02-23,106272403152,4,1.964,Microinversor_1
1541,Wilkne,2025-02-23,106272403916,1,1.935,Microinversor_2
1542,Wilkne,2025-02-23,106272403916,2,1.933,Microinversor_2
1543,Wilkne,2025-02-23,106272403916,3,1.896,Microinversor_2
1544,Wilkne,2025-02-23,106272403916,4,1.963,Microinversor_2
1545,Wilkne,2025-02-23,106272404964,1,0.012,Microinversor_3
1546,Wilkne,2025-02-23,106272404964,2,1.778,Microinversor_3
1547,Wilkne,2025-02-23,106272404964,3,1.705,Microinversor_3
1548,Wilkne,2025-02-23,106272404964,4,1.747,Microinversor_3
1549,Wilkne,2025-02-22,106272403152,1,2.481,Microinversor_1
1550,Wilkne,2025-02-22,106272403152,2,2.454,Microinversor_1
1551,Wilkne,2025-02-22,106272403152,3,2.456,Microinversor_1
1552,Wilkne,2025-02-22,106272403152,4,2.484,Microinversor_1
1553,Wilkne,2025-02-22,106272403916,1,2.417,Microinversor_2
1554,Wilkne,2025-02-22,106272403916,2,2.415,Microinversor_2
1555,Wilkne,2025-02-22,106272403916,3,2.351,Microinversor_2
1556,Wilkne,2025-02-22,106272403916,4,2.485,Microinversor_2
1557,Wilkne,2025-02-22,106272404964,1,0.015,Microinversor_3
1558,Wilkne,2025-02-22,106272404964,2,2.452,Microinversor_3
1559,Wilkne,2025-02-22,106272404964,3,2.336,Microinversor_3
1560,Wilkne,2025-02-22,106272404964,4,2.406,Microinversor_3
1561,Wilkne,2024-01-04,106272403152,1,2.321,Microinversor_1
1562,Wilkne,2024-01-04,106272403152,2,2.336,Microinversor_1
1563,Wilkne,2024-01-04,106272403152,3,2.34,Microinversor_1
1564,Wilkne,2024-01-04,106272403152,4,2.37,Microinversor_1
1565,Wilkne,2024-01-04,106272403916,1,2.363,Microinversor_2
1566,Wilkne,2024-01-04,106272403916,2,2.368,Microinversor_2
1567,Wilkne,2024-01-04,106272403916,3,2.323,Microinversor_2
1568,Wilkne,2024-01-04,106272403916,4,2.371,Microinversor_2
1569,Wilkne,2024-01-04,106272404964,1,0.013,Microinversor_3
1570,Wilkne,2024-01-04,106272404964,2,2.256,Microinversor_3
1571,Wilkne,2024-01-04,106272404964,3,2.211,Microinversor_3
1572,Wilkne,2024-01-04,106272404964,4,2.25,Microinversor_3
1573,Wilkne,2024-01-10,106272403152,1,2.575,Microinversor_1
1574,Wilkne,2024-01-10,106272403152,2,2.579,Microinversor_1
1575,Wilkne,2024-01-10,106272403152,3,2.595,Microinversor_1
1576,Wilkne,2024-01-10,106272403152,4,2.62,Microinversor_1
1577,Wilkne,2024-01-10,106272403916,1,2.606,Microinversor_2
1578,Wilkne,2024-01-10,106272403916,2,2.599,Microinversor_2
1579,Wilkne,2024-01-10,106272403916,3,2.56,Microinversor_2
1580,Wilkne,2024-01-10,106272403916,4,2.612,Microinversor_2
1581,Wilkne,2024-01-10,106272404964,1,0.013,Microinversor_3
1582,Wilkne,2024-01-10,106272404964,2,2.323,Microinversor_3
1583,Wilkne,2024-01-10,106272404964,3,2.275,Microinversor_3
1584,Wilkne,2024-01-10,106272404964,4,2.312,Microinversor_3
1585,Wilkne,2024-01-06,106272403152,1,2.024,Microinversor_1
1586,Wilkne,2024-01-06,106272403152,2,2.033,Microinversor_1
1587,Wilkne,2024-01-06,106272403152,3,2.038,Microinversor_1
1588,Wilkne,2024-01-06,106272403152,4,2.066,Microinversor_1
1589,Wilkne,2024-01-06,106272403916,1,2.059,Microinversor_2
1590,Wilkne,2024-01-06,106272403916,2,2.059,Microinversor_2
1591,Wilkne,2024-01-06,106272403916,3,2.022,Microinversor_2
1592,Wilkne,2024-01-06,106272403916,4,2.068,Microinversor_2
1593,Wilkne,2024-01-06,106272404964,1,0.013,Microinversor_3
1594,Wilkne,2024-01-06,106272404964,2,1.942,Microinversor_3
1595,Wilkne,2024-01-06,106272404964,3,1.9,Microinversor_3
1596,Wilkne,2024-01-06,106272404964,4,1.93,Microinversor_3
1597,Wilkne,2024-01-12,106272403152,1,1.647,Microinversor_1
1598,Wilkne,2024-01-12,106272403152,2,1.647,Microinversor_1
1599,Wilkne,2024-01-12,106272403152,3,1.655,Microinversor_1
1600,Wilkne,2024-01-12,106272403152,4,1.674,Microinversor_1
1601,Wilkne,2024-01-12,106272403916,1,1.669,Microinversor_2
1602,Wilkne,2024-01-12,106272403916,2,1.663,Microinversor_2
1603,Wilkne,2024-01-12,106272403916,3,1.641,Microinversor_2
1604,Wilkne,2024-01-12,106272403916,4,1.678,Microinversor_2
1605,Wilkne,2024-01-12,106272404964,1,0.012,Microinversor_3
1606,Wilkne,2024-01-12,106272404964,2,1.654,Microinversor_3
1607,Wilkne,2024-01-12,106272404964,3,1.645,Microinversor_3
1608,Wilkne,2024-01-12,106272404964,4,1.666,Microinversor_3
1609,Wilkne,2025-02-08,106272403152,1,2.736,Microinversor_1
1610,Wilkne,2025-02-08,106272403152,2,2.726,Microinversor_1
1611,Wilkne,2025-02-08,106272403152,3,2.717,Microinversor_1
1612,Wilkne,2025-02-08,106272403152,4,2.749,Microinversor_1
1613,Wilkne,2025-02-08,106272403916,1,2.715,Microinversor_2
1614,Wilkne,2025-02-08,106272403916,2,2.709,Microinversor_2
1615,Wilkne,2025-02-08,106272403916,3,2.676,Microinversor_2
1616,Wilkne,2025-02-08,106272403916,4,2.758,Microinversor_2
1617,Wilkne,2025-02-08,106272404964,1,0.014,Microinversor_3
1618,Wilkne,2025-02-08,106272404964,2,2.626,Microinversor_3
1619,Wilkne,2025-02-08,106272404964,3,2.591,Microinversor_3
1620,Wilkne,2025-02-08,106272404964,4,2.644,Microinversor_3
1621,Wilkne,2025-02-20,106272403152,1,1.91,Microinversor_1
1622,Wilkne,2025-02-20,106272403152,2,1.912,Microinversor_1
1623,Wilkne,2025-02-20,106272403152,3,1.898,Microinversor_1
1624,Wilkne,2025-02-20,106272403152,4,1.923,Microinversor_1
1625,Wilkne,2025-02-20,106272403916,1,1.887,Microinversor_2
1626,Wilkne,2025-02-20,106272403916,2,1.894,Microinversor_2
1627,Wilkne,2025-02-20,106272403916,3,1.868,Microinversor_2
1628,Wilkne,2025-02-20,106272403916,4,1.921,Microinversor_2
1629,Wilkne,2025-02-20,106272404964,1,0.012,Microinversor_3
1630,Wilkne,2025-02-20,106272404964,2,1.694,Microinversor_3
1631,Wilkne,2025-02-20,106272404964,3,1.655,Microinversor_3
1632,Wilkne,2025-02-20,106272404964,4,1.685,Microinversor_3
1633,Wilkne,2025-02-21,106272403152,1,2.434,Microinversor_1
1634,Wilkne,2025-02-21,106272403152,2,2.436,Microinversor_1
1635,Wilkne,2025-02-21,106272403152,3,2.434,Microinversor_1
1636,Wilkne,2025-02-21,106272403152,4,2.463,Microinversor_1
1637,Wilkne,2025-02-21,106272403916,1,2.431,Microinversor_2
1638,Wilkne,2025-02-21,106272403916,2,2.43,Microinversor_2
1639,Wilkne,2025-02-21,106272403916,3,2.393,Microinversor_2
1640,Wilkne,2025-02-21,106272403916,4,2.454,Microinversor_2
1641,Wilkne,2025-02-21,106272404964,1,0.013,Microinversor_3
1642,Wilkne,2025-02-21,106272404964,2,2.402,Microinversor_3
1643,Wilkne,2025-02-21,106272404964,3,2.361,Microinversor_3
1644,Wilkne,2025-02-21,106272404964,4,2.407,Microinversor_3
1645,Wilkne,2025-02-09,106272403152,1,1.804,Microinversor_1
1646,Wilkne,2025-02-09,106272403152,2,1.804,Microinversor_1
1647,Wilkne,2025-02-09,106272403152,3,1.799,Microinversor_1
1648,Wilkne,2025-02-09,106272403152,4,1.819,Microinversor_1
1649,Wilkne,2025-02-09,106272403916,1,1.816,Microinversor_2
1650,Wilkne,2025-02-09,106272403916,2,1.808,Microinversor_2
1651,Wilkne,2025-02-09,106272403916,3,1.791,Microinversor_2
1652,Wilkne,2025-02-09,106272403916,4,1.831,Microinversor_2
1653,Wilkne,2025-02-09,106272404964,1,0.012,Microinversor_3
1654,Wilkne,2025-02-09,106272404964,2,1.75,Microinversor_3
1655,Wilkne,2025-02-09,106272404964,3,1.749,Microinversor_3
1656,Wilkne,2025-02-09,106272404964,4,1.768,Microinversor_3
1657,Wilkne,2024-01-13,106272403152,1,1.295,Microinversor_1
1658,Wilkne,2024-01-13,106272403152,2,1.302,Microinversor_1
1659,Wilkne,2024-01-13,106272403152,3,1.3,Microinversor_1
1660,Wilkne,2024-01-13,106272403152,4,1.312,Microinversor_1
1661,Wilkne,2024-01-13,106272403916,1,1.305,Microinversor_2
1662,Wilkne,2024-01-13,106272403916,2,1.303,Microinversor_2
1663,Wilkne,2024-01-13,106272403916,3,1.286,Microinversor_2
1664,Wilkne,2024-01-13,106272403916,4,1.316,Microinversor_2
1665,Wilkne,2024-01-13,106272404964,1,0.011,Microinversor_3
1666,Wilkne,2024-01-13,106272404964,2,1.196,Microinversor_3
1667,Wilkne,2024-01-13,106272404964,3,1.183,Microinversor_3
1668,Wilkne,2024-01-13,106272404964,4,1.187,Microinversor_3
1669,Wilkne,2024-01-07,106272403152,1,2.437,Microinversor_1
1670,Wilkne,2024-01-07,106272403152,2,2.442,Microinversor_1
1671,Wilkne,2024-01-07,106272403152,3,2.451,Microinversor_1
1672,Wilkne,2024-01-07,106272403152,4,2.483,Microinversor_1
1673,Wilkne,2024-01-07,106272403916,1,2.442,Microinversor_2
1674,Wilkne,2024-01-07,106272403916,2,2.449,Microinversor_2
1675,Wilkne,2024-01-07,106272403916,3,2.398,Microinversor_2
1676,Wilkne,2024-01-07,106272403916,4,2.465,Microinversor_2
1677,Wilkne,2024-01-07,106272404964,1,0.014,Microinversor_3
1678,Wilkne,2024-01-07,106272404964,2,2.337,Microinversor_3
1679,Wilkne,2024-01-07,106272404964,3,2.287,Microinversor_3
1680,Wilkne,2024-01-07,106272404964,4,2.33,Microinversor_3
